Draw Date,Results,Bonus,Jackpot,Outcome
2012 December 29,"['1', '26', '33', '36', '45', '48']",22,"$15,546,830.20",Won
2012 December 26,"['3', '5', '26', '27', '37', '39']",21,"$11,154,816.20",Roll
2012 December 22,"['8', '10', '14', '16', '18', '35']",43,"$7,514,090.40",Roll
2012 December 19,"['1', '13', '16', '30', '33', '48']",49,"$3,287,100.40",Roll
2012 December 15,"['11', '22', '36', '37', '43', '48']", 7,"$3,627,484.90",Won
2012 December 12,"['6', '7', '24', '27', '28', '46']",44,"$3,396,966.30",Won
2012 December 8,"['2', '12', '22', '42', '43', '46']", 5,"$21,254,832.90",Won
2012 December 5,"['4', '26', '34', '38', '41', '46']",44,"$16,252,617.60",Roll
2012 December 1,"['7', '22', '28', '32', '34', '38']",20,"$11,752,130.20",Roll
2012 November 28,"['3', '6', '13', '29', '36', '38']",33,"$7,352,602.50",Roll
2012 November 24,"['6', '32', '35', '36', '40', '45']",48,"$3,753,133.20",Roll
2012 November 21,"['10', '16', '21', '31', '33', '36']",27,"$7,652,677.10",Won
2012 November 17,"['3', '4', '20', '31', '41', '48']",15,"$3,907,124.30",Roll
2012 November 14,"['15', '20', '29', '36', '38', '42']",27,"$45,677,260.50",Won
2012 November 10,"['6', '22', '23', '41', '44', '49']",48,"$40,000,000",Roll
2012 November 7,"['20', '36', '42', '43', '45', '48']", 5,"$30,887,937.10",Roll
2012 November 3,"['9', '22', '34', '35', '46', '47']",26,"$24,967,752",Roll
2012 October 31,"['4', '8', '17', '23', '34', '47']",30,"$19,469,365.50",Roll
2012 October 27,"['11', '15', '16', '17', '31', '40']", 6,"$15,111,887",Roll
2012 October 24,"['9', '10', '11', '24', '34', '42']", 5,"$10,754,187",Roll
2012 October 20,"['13', '14', '21', '24', '32', '35']",18,"$7,185,484",Roll
2012 October 17,"['4', '20', '22', '23', '42', '44']",41,"$3,175,141.60",Roll
2012 October 13,"['6', '14', '26', '27', '34', '46']",37,"$3,592,223.40",Won
2012 October 10,"['8', '22', '37', '40', '41', '44']", 4,"$15,886,262",Won
2012 October 6,"['20', '24', '27', '40', '44', '45']",35,"$11,864,071.50",Roll
2012 October 3,"['5', '15', '20', '25', '28', '33']",39,"$7,439,231.30",Roll
2012 September 29,"['2', '7', '18', '20', '41', '48']",29,"$3,875,902.40",Roll
2012 September 26,"['2', '5', '9', '13', '22', '38']",37,"$3,294,730.20",Won
2012 September 22,"['4', '19', '22', '24', '32', '33']",21,"$3,781,467.90",Won
2012 September 19,"['7', '9', '18', '22', '28', '38']",26,"$1,624,352",Won
2012 September 15,"['9', '10', '12', '19', '24', '31']",17,"$7,417,295.20",Won
2012 September 12,"['3', '29', '33', '36', '39', '45']",37,"$3,604,435.60",Roll
2012 September 8,"['1', '4', '6', '24', '26', '29']",12,"$7,140,631",Won
2012 September 5,"['15', '21', '23', '26', '28', '48']", 6,"$3,297,471.30",Roll
2012 September 1,"['2', '5', '20', '30', '39', '45']",25,"$3,721,678.30",Won
2012 August 29,"['3', '5', '8', '14', '24', '34']",38,"$3,336,622.50",Won
2012 August 25,"['4', '12', '17', '18', '34', '44']",21,"$3,320,376.20",Roll
2012 August 22,"['9', '13', '19', '32', '41', '49']",17,"$6,868,101",Won
2012 August 18,"['7', '14', '15', '23', '35', '37']",36,"$3,427,262.70",Roll
2012 August 15,"['1', '6', '12', '19', '24', '31']", 5,"$3,000,000",Won
2012 August 11,"['17', '20', '22', '35', '38', '48']",36,"$30,663,649.80",Won
2012 August 8,"['6', '8', '18', '20', '40', '42']",36,"$25,168,179",Roll
2012 August 4,"['3', '8', '23', '25', '29', '47']",32,"$20,595,403.80",Roll
2012 August 1,"['1', '14', '17', '29', '36', '37']",13,"$16,031,500.30",Roll
2012 July 28,"['6', '10', '22', '30', '35', '49']",17,"$11,799,351.50",Roll
2012 July 25,"['1', '20', '27', '36', '40', '42']",14,"$7,388,463.50",Roll
2012 July 21,"['11', '21', '35', '37', '46', '47']",32,"$3,713,142.20",Roll
2012 July 18,"['1', '11', '12', '17', '32', '40']",14,"$10,998,364.80",Won
2012 July 14,"['13', '17', '22', '29', '36', '45']",47,"$7,064,479.40",Roll
2012 July 11,"['5', '8', '14', '18', '43', '49']",37,"$3,180,540.20",Roll
2012 July 7,"['3', '20', '27', '29', '38', '44']",45,"$7,266,294.10",Won
2012 July 4,"['15', '20', '22', '25', '27', '41']",28,"$3,221,129.60",Roll
2012 June 30,"['12', '22', '31', '32', '35', '47']", 4,"$32,388,978",Won
2012 June 27,"['4', '10', '19', '24', '32', '35']", 1,"$26,285,936.70",Roll
2012 June 23,"['12', '19', '28', '34', '36', '41']", 1,"$21,298,455.30",Roll
2012 June 20,"['1', '6', '10', '26', '31', '38']",11,"$16,260,040.50",Roll
2012 June 16,"['1', '8', '19', '26', '37', '44']",16,"$12,070,750.30",Roll
2012 June 13,"['7', '11', '15', '22', '37', '44']",16,"$7,657,866.20",Roll
2012 June 9,"['8', '18', '29', '37', '38', '44']",48,"$4,024,155.10",Roll
2012 June 6,"['8', '21', '22', '26', '30', '39']", 7,"$3,557,160.70",Won
2012 June 2,"['7', '22', '27', '29', '33', '39']",40,"$25,492,251.60",Won
2012 May 30,"['2', '21', '36', '37', '45', '47']",15,"$19,976,363",Roll
2012 May 26,"['23', '31', '33', '38', '46', '49']",17,"$15,000,568.10",Roll
2012 May 23,"['2', '3', '7', '13', '32', '40']", 8,"$10,500,525",Roll
2012 May 19,"['14', '17', '21', '27', '37', '46']",39,"$6,770,186.20",Roll
2012 May 16,"['2', '3', '12', '15', '19', '49']", 5,"$3,000,000",Roll
2012 May 12,"['4', '5', '10', '34', '37', '45']", 7,"$21,405,058.70",Won
2012 May 9,"['2', '6', '15', '19', '24', '38']", 9,"$16,321,092.20",Roll
2012 May 5,"['5', '6', '30', '32', '45', '46']",41,"$11,847,335.60",Roll
2012 May 2,"['18', '19', '33', '40', '44', '47']",10,"$7,493,490",Roll
2012 April 28,"['9', '21', '22', '42', '44', '48']",28,"$3,772,858.30",Roll
2012 April 25,"['15', '18', '26', '33', '36', '39']",35,"$15,780,924.30",Won
2012 April 21,"['2', '8', '10', '20', '28', '38']",29,"$11,393,219.20",Roll
2012 April 18,"['6', '10', '11', '16', '32', '36']",42,"$7,288,349.80",Roll
2012 April 14,"['14', '16', '18', '20', '26', '47']",13,"$3,709,703",Roll
2012 April 11,"['1', '2', '16', '24', '36', '49']",33,"$3,237,123.30",Won
2012 April 7,"['2', '13', '16', '32', '39', '44']",27,"$12,956,563.20",Won
2012 April 4,"['18', '23', '25', '26', '45', '48']",16,"$8,214,828.60",Roll
2012 March 31,"['33', '35', '36', '39', '48', '49']",42,"$4,340,062.40",Roll
2012 March 28,"['5', '10', '12', '18', '25', '45']",15,"$7,845,281.10",Won
2012 March 24,"['11', '20', '23', '28', '40', '45']",14,"$3,912,317",Roll
2012 March 21,"['23', '27', '32', '37', '38', '45']",35,"$7,918,115.80",Won
2012 March 17,"['1', '2', '9', '15', '17', '37']",30,"$3,903,839.50",Roll
2012 March 14,"['6', '9', '11', '12', '19', '20']",47,"$12,006,714.90",Won
2012 March 10,"['4', '17', '25', '26', '39', '49']",10,"$8,103,795.70",Roll
2012 March 7,"['5', '7', '39', '41', '45', '46']",25,"$3,728,025.40",Roll
2012 March 3,"['9', '19', '20', '31', '41', '45']",42,"$4,032,657.30",Won
2012 February 29,"['5', '6', '8', '9', '11', '40']",28,"$3,000,000",Won
2012 February 25,"['2', '22', '30', '33', '35', '42']",14,"$11,521,898.90",Won
2012 February 22,"['1', '12', '22', '35', '42', '44']",40,"$7,166,689.50",Roll
2012 February 18,"['4', '12', '14', '21', '22', '37']",28,"$3,517,071.50",Roll
2012 February 15,"['3', '19', '21', '41', '43', '47']", 9,"$3,301,611.40",Won
2012 February 11,"['6', '13', '19', '32', '43', '44']", 9,"$15,574,780.10",Won
2012 February 8,"['7', '22', '23', '26', '40', '48']",39,"$10,847,696.50",Roll
2012 February 4,"['8', '10', '12', '22', '26', '28']",24,"$6,663,534.40",Roll
2012 February 1,"['2', '7', '9', '18', '23', '38']",14,"$3,000,000",Roll
2012 January 28,"['5', '6', '17', '39', '44', '48']",29,"$1,845,845",Won
2012 January 25,"['2', '12', '20', '35', '41', '49']",36,"$3,436,261.10",Won
2012 January 21,"['9', '11', '31', '34', '48', '49']",41,"$24,907,026",Won
2012 January 18,"['4', '7', '10', '27', '37', '49']",44,"$19,496,893.90",Roll
2012 January 14,"['1', '3', '7', '11', '38', '40']",37,"$15,032,160.30",Roll
2012 January 11,"['9', '10', '11', '18', '39', '45']",23,"$10,703,509.10",Roll
2012 January 7,"['6', '8', '11', '25', '28', '45']", 7,"$6,732,159",Roll
2012 January 4,"['1', '8', '11', '21', '24', '41']",45,"$3,052,345",Roll
2013 December 28,"['13', '20', '23', '34', '38', '46']",18,"$16,383,989.20",Won
2013 December 25,"['4', '18', '23', '32', '34', '47']",44,"$12,258,548.70",Roll
2013 December 21,"['1', '2', '10', '19', '22', '44']",41,"$7,000,000",Roll
2013 December 18,"['2', '4', '16', '20', '25', '46']",23,"$5,000,000",Roll
2013 December 14,"['13', '18', '19', '20', '35', '40']",14,"$7,159,544.20",Won
2013 December 11,"['4', '15', '28', '31', '37', '44']",35,"$5,000,000",Roll
2013 December 7,"['2', '8', '11', '15', '24', '27']",44,"$5,000,000.10",Won
2013 December 4,"['10', '12', '16', '23', '41', '42']",19,"$19,094,240.80",Won
2013 November 30,"['2', '18', '22', '25', '37', '39']", 1,"$14,997,471.20",Roll
2013 November 27,"['8', '9', '15', '23', '40', '48']",19,"$10,800,210.60",Roll
2013 November 23,"['3', '5', '13', '16', '44', '48']", 2,"$7,000,000",Roll
2013 November 20,"['20', '26', '35', '37', '46', '48']", 9,"$5,000,000",Roll
2013 November 16,"['9', '12', '17', '20', '21', '37']",31,"$20,113,058.60",Won
2013 November 13,"['3', '8', '15', '17', '29', '33']",10,"$15,837,954.90",Roll
2013 November 9,"['4', '8', '30', '43', '46', '48']",44,"$12,245,151.20",Roll
2013 November 6,"['21', '26', '32', '34', '36', '39']",28,"$7,704,654.60",Roll
2013 November 2,"['9', '12', '13', '26', '35', '43']", 2,"$5,000,000",Roll
2013 October 30,"['4', '9', '24', '41', '47', '48']",46,"$20,223,182.30",Won
2013 October 26,"['3', '5', '16', '20', '27', '45']", 7,"$15,524,839.60",Roll
2013 October 23,"['6', '12', '14', '20', '21', '26']",33,"$11,310,808.60",Roll
2013 October 19,"['3', '4', '6', '23', '33', '44']",31,"$7,459,125.60",Roll
2013 October 16,"['3', '10', '17', '18', '19', '23']",38,"$5,000,000",Roll
2013 October 12,"['7', '12', '20', '22', '26', '35']",13,"$40,000,000",Won
2013 October 9,"['18', '22', '24', '30', '43', '48']",42,"$31,894,363.20",Roll
2013 October 5,"['2', '12', '18', '26', '35', '36']", 7,"$26,079,988.40",Roll
2013 October 2,"['2', '10', '16', '36', '40', '45']",11,"$20,716,882.60",Roll
2013 September 28,"['8', '16', '18', '26', '28', '37']", 5,"$17,000,000",Roll
2013 September 25,"['5', '19', '22', '29', '31', '32']", 7,"$13,000,000",Roll
2013 September 21,"['7', '19', '21', '29', '31', '36']",42,"$9,000,000",Roll
2013 September 18,"['13', '22', '23', '31', '35', '45']",33,"$5,000,000",Roll
2013 September 14,"['6', '26', '41', '42', '47', '48']",31,"$14,892,204.80",Won
2013 September 11,"['13', '21', '22', '26', '35', '40']",15,"$10,109,708.10",Roll
2013 September 7,"['2', '4', '15', '29', '32', '40']",26,"$6,383,094.80",Roll
2013 September 4,"['2', '7', '12', '21', '25', '47']", 6,"$3,000,000",Roll
2013 August 31,"['5', '6', '24', '29', '35', '39']",44,"$14,797,843",Won
2013 August 28,"['13', '17', '19', '22', '28', '46']",38,"$10,450,906.80",Roll
2013 August 24,"['2', '8', '32', '36', '47', '49']",33,"$6,785,037.70",Roll
2013 August 21,"['4', '12', '28', '31', '39', '46']",42,"$3,090,663.50",Roll
2013 August 17,"['1', '6', '13', '29', '37', '39']",17,"$3,377,004.70",Won
2013 August 14,"['14', '20', '28', '31', '44', '49']",34,"$3,197,183",Won
2013 August 10,"['8', '23', '25', '32', '33', '48']",28,"$6,858,653.10",Won
2013 August 7,"['19', '21', '29', '32', '34', '47']", 8,"$3,096,716.20",Roll
2013 August 3,"['2', '3', '9', '17', '29', '40']",41,"$3,367,704",Won
2013 July 31,"['5', '15', '30', '42', '46', '49']",35,"$7,036,047",Won
2013 July 27,"['3', '15', '17', '20', '27', '43']",30,"$3,357,054.70",-
2013 July 24,"['2', '5', '12', '22', '44', '48']",10,"$3,000,000",Won
2013 July 20,"['3', '20', '24', '26', '37', '47']",35,"$11,062,889.80",Won
2013 July 17,"['11', '12', '16', '29', '38', '43']",25,"$6,974,576.80",Roll
2013 July 13,"['2', '11', '14', '22', '41', '42']",13,"$3,477,558.60",Roll
2013 July 10,"['7', '8', '11', '19', '25', '46']",17,"$3,000,000",Won
2013 July 6,"['21', '23', '24', '33', '38', '44']",45,"$19,733,070.80",Won
2013 July 3,"['16', '17', '19', '22', '40', '43']",10,"$14,932,222.40",Roll
2013 June 29,"['4', '11', '12', '14', '25', '37']",36,"$11,021,536.50",Roll
2013 June 26,"['1', '3', '23', '33', '40', '48']",42,"$6,667,226.90",Roll
2013 June 22,"['3', '4', '5', '12', '23', '33']",27,"$3,132,321.60",Roll
2013 June 19,"['8', '23', '25', '28', '34', '39']",47,"$15,222,777.40",Won
2013 June 15,"['5', '8', '13', '14', '17', '30']", 1,"$10,999,892.10",Roll
2013 June 12,"['4', '8', '16', '25', '33', '36']",21,"$7,041,762.40",Roll
2013 June 8,"['8', '11', '19', '42', '46', '47']",27,"$3,584,790.20",Roll
2013 June 5,"['5', '15', '19', '31', '42', '47']",20,"$7,111,225.80",Won
2013 June 1,"['2', '7', '24', '37', '38', '40']", 9,"$3,572,611.90",Roll
2013 May 29,"['21', '28', '34', '35', '48', '49']",18,"$3,351,961.40",Won
2013 May 25,"['9', '17', '32', '41', '42', '44']", 3,"$11,615,207.20",Won
2013 May 22,"['1', '20', '24', '33', '37', '43']",42,"$7,303,170.10",Roll
2013 May 18,"['5', '24', '26', '28', '33', '45']",31,"$3,695,139.60",Roll
2013 May 15,"['11', '14', '21', '24', '25', '43']",12,"$3,226,611.60",Won
2013 May 11,"['2', '10', '16', '21', '24', '49']",30,"$17,026,623.50",Won
2013 May 8,"['12', '21', '23', '24', '38', '46']",36,"$12,026,612.40",Roll
2013 May 4,"['8', '9', '13', '22', '35', '36']", 6,"$7,872,319.50",Roll
2013 May 1,"['1', '2', '32', '33', '38', '49']",42,"$3,579,083.70",Roll
2013 April 27,"['9', '28', '35', '36', '48', '49']", 6,"$17,443,273.50",Won
2013 April 24,"['10', '20', '30', '38', '41', '44']",15,"$12,218,129.80",Roll
2013 April 20,"['1', '10', '11', '19', '21', '41']",27,"$7,770,186",Roll
2013 April 17,"['18', '25', '26', '41', '45', '49']",23,"$3,622,124.80",Roll
2013 April 13,"['2', '10', '17', '19', '44', '47']",40,"$63,413,885.20",Won
2013 April 10,"['1', '9', '12', '29', '30', '42']",22,"$44,656,345.60",Roll
2013 April 6,"['11', '19', '27', '28', '30', '39']",21,"$36,659,321.40",Roll
2013 April 3,"['20', '26', '27', '32', '36', '46']",49,"$30,308,021.10",Roll
2013 March 30,"['26', '30', '34', '35', '38', '41']",48,"$24,847,800.40",Roll
2013 March 27,"['2', '8', '11', '26', '27', '33']",17,"$19,401,290.60",Roll
2013 March 23,"['1', '2', '7', '10', '33', '38']",13,"$15,016,744.90",Roll
2013 March 20,"['9', '14', '24', '43', '45', '46']",22,"$10,810,020.20",Roll
2013 March 16,"['4', '14', '16', '25', '45', '47']",27,"$6,887,917.20",Roll
2013 March 13,"['1', '4', '11', '16', '26', '46']",31,"$3,043,447.30",Roll
2013 March 9,"['15', '18', '24', '28', '29', '49']", 2,"$7,019,742.70",Won
2013 March 6,"['1', '5', '14', '27', '30', '41']", 3,"$3,109,159.40",Roll
2013 March 2,"['6', '29', '31', '33', '40', '43']",48,"$30,000,000",Won
2013 February 27,"['11', '15', '19', '25', '34', '39']",22,"$21,447,620.60",Roll
2013 February 23,"['4', '12', '19', '21', '26', '41']",40,"$16,403,983.30",Roll
2013 February 20,"['23', '31', '41', '45', '46', '49']", 3,"$11,634,302.60",Roll
2013 February 16,"['3', '5', '13', '33', '34', '44']", 8,"$7,568,791.60",Roll
2013 February 13,"['17', '18', '21', '25', '35', '47']",16,"$3,600,936.40",Roll
2013 February 9,"['7', '17', '30', '33', '42', '49']",40,"$3,793,034.70",Won
2013 February 6,"['4', '18', '23', '25', '39', '43']", 7,"$11,062,987.80",Won
2013 February 2,"['4', '15', '22', '27', '29', '31']",47,"$7,085,216.10",Roll
2013 January 30,"['1', '14', '21', '23', '29', '46']",26,"$3,181,428.80",Roll
2013 January 26,"['23', '27', '35', '40', '43', '44']",13,"$3,544,148.70",Won
2013 January 23,"['2', '5', '16', '25', '30', '40']",19,"$3,000,000",Won
2013 January 19,"['1', '4', '6', '13', '20', '44']",28,"$3,316,843.20",Won
2013 January 16,"['14', '21', '27', '34', '37', '38']",10,"$15,689,035.70",Roll
2013 January 12,"['6', '16', '29', '30', '33', '36']",15,"$11,408,254.80",Roll
2013 January 9,"['14', '17', '33', '34', '43', '44']", 5,"$7,216,469.30",Roll
2013 January 5,"['24', '29', '34', '36', '41', '42']",45,"$3,628,350",Roll
2013 January 2,"['10', '14', '15', '39', '43', '49']", 9,"$3,463,163.60",Won
2014 December 31,"['6', '7', '8', '29', '35', '45']",12,"$12,792,511.30",Roll
2014 December 27,"['7', '22', '26', '27', '42', '47']",28,"$8,610,471.20",Roll
2014 December 24,"['1', '3', '21', '24', '31', '46']",30,"$5,575,524.50",Roll
2014 December 20,"['9', '17', '22', '35', '38', '43']",15,"$5,000,000",Won
2014 December 17,"['2', '5', '15', '20', '38', '39']",35,"$7,038,734.40",Won
2014 December 13,"['14', '23', '25', '31', '33', '38']", 5,"$5,000,000",Roll
2014 December 10,"['1', '2', '7', '16', '27', '30']",18,"$7,000,000",Won
2014 December 6,"['15', '17', '18', '19', '34', '44']",10,"$5,000,000",Roll
2014 December 3,"['1', '3', '4', '24', '28', '36']", 6,"$29,981,864.40",Won
2014 November 29,"['9', '20', '24', '26', '43', '47']",45,"$25,356,897.40",Roll
2014 November 26,"['5', '10', '11', '12', '32', '33']",39,"$20,900,536.40",Roll
2014 November 22,"['5', '7', '20', '24', '37', '49']",32,"$17,005,154",Roll
2014 November 19,"['5', '7', '20', '25', '36', '46']",24,"$13,308,336.50",Roll
2014 November 15,"['1', '3', '23', '35', '41', '46']",18,"$10,136,196.10",Roll
2014 November 12,"['2', '17', '20', '41', '42', '44']", 4,"$7,000,000",Roll
2014 November 8,"['3', '9', '10', '28', '34', '40']",46,"$5,000,000",Roll
2014 November 5,"['23', '29', '31', '38', '40', '42']",44,"$5,000,000",Won
2014 November 1,"['3', '5', '26', '37', '39', '45']", 7,"$13,640,139.10",Won
2014 October 29,"['6', '25', '29', '34', '39', '44']",22,"$9,861,487.60",Roll
2014 October 25,"['10', '20', '23', '31', '33', '45']",38,"$7,000,000",Roll
2014 October 22,"['10', '13', '24', '29', '31', '32']", 7,"$5,000,000",Roll
2014 October 18,"['6', '30', '35', '37', '41', '43']",22,"$20,000,000",Won
2014 October 15,"['4', '11', '14', '25', '30', '36']",32,"$13,117,448.60",Roll
2014 October 11,"['3', '4', '6', '17', '30', '34']",36,"$9,838,032.90",Roll
2014 October 8,"['9', '12', '15', '17', '42', '49']",34,"$7,000,000",Roll
2014 October 4,"['8', '13', '27', '35', '45', '49']", 9,"$5,000,000",Roll
2014 October 1,"['17', '21', '27', '37', '48', '49']",11,"$13,805,045",Won
2014 September 27,"['2', '18', '22', '27', '44', '45']",49,"$10,208,504.40",Roll
2014 September 24,"['15', '28', '34', '40', '41', '43']", 5,"$7,000,000",Roll
2014 September 20,"['4', '10', '20', '23', '27', '45']",48,"$5,000,000",Roll
2014 September 17,"['3', '8', '10', '19', '31', '33']",40,"$5,000,000",Won
2014 September 13,"['2', '7', '17', '31', '39', '43']",40,"$5,000,000",Won
2014 September 10,"['7', '11', '13', '15', '20', '44']", 9,"$9,225,610.30",Won
2014 September 6,"['4', '6', '17', '28', '35', '46']",18,"$7,000,000",Roll
2014 September 3,"['5', '13', '15', '22', '45', '47']",27,"$5,000,000",Roll
2014 August 30,"['3', '24', '25', '33', '40', '48']", 2,"$5,000,000",Won
2014 August 27,"['20', '21', '34', '42', '44', '45']",35,"$7,000,000",Won
2014 August 23,"['10', '17', '24', '28', '31', '46']",15,"$5,000,000",Roll
2014 August 20,"['7', '8', '10', '20', '30', '31']", 3,"$5,000,000",Won
2014 August 16,"['9', '18', '41', '42', '48', '49']",10,"$10,395,605.70",Won
2014 August 13,"['8', '16', '21', '39', '44', '45']",11,"$7,000,000",Roll
2014 August 9,"['2', '12', '30', '32', '37', '40']",39,"$5,000,000",Roll
2014 August 6,"['8', '10', '11', '21', '24', '44']",12,"$5,000,000",Won
2014 August 2,"['4', '10', '14', '19', '36', '41']",48,"$13,688,924.40",Won
2014 July 30,"['13', '24', '25', '29', '43', '45']",42,"$9,931,445.80",Roll
2014 July 26,"['6', '16', '18', '30', '37', '39']", 7,"$7,000,000",Roll
2014 July 23,"['20', '29', '33', '35', '38', '43']", 1,"$5,000,000",Roll
2014 July 19,"['18', '30', '38', '43', '46', '47']",36,"$7,000,000",Won
2014 July 16,"['1', '20', '25', '27', '37', '46']", 7,"$5,000,000",Roll
2014 July 12,"['2', '3', '7', '14', '41', '42']",40,"$13,216,946.60",Won
2014 July 9,"['20', '25', '28', '31', '37', '41']",16,"$9,701,150.40",Roll
2014 July 5,"['11', '19', '30', '33', '38', '41']",24,"$7,000,000",Roll
2014 July 2,"['13', '20', '27', '28', '47', '49']",15,"$5,000,000",Roll
2014 June 28,"['10', '28', '32', '37', '43', '46']",45,"$5,000,000",Won
2014 June 25,"['1', '10', '24', '28', '39', '45']",43,"$18,397,958.80",Won
2014 June 21,"['13', '20', '26', '27', '31', '39']",12,"$14,310,993.90",Roll
2014 June 18,"['15', '21', '22', '28', '38', '45']",43,"$10,319,368.10",Roll
2014 June 14,"['7', '15', '25', '38', '44', '47']",10,"$7,000,000",Roll
2014 June 11,"['4', '27', '33', '38', '41', '46']",14,"$5,000,000",Roll
2014 June 7,"['3', '24', '28', '40', '43', '48']",15,"$5,000,000",Won
2014 June 4,"['7', '11', '12', '13', '35', '41']",18,"$13,972,983.80",Won
2014 May 31,"['19', '28', '30', '32', '37', '45']",44,"$10,614,620.10",Roll
2014 May 28,"['13', '23', '28', '31', '34', '38']", 8,"$7,000,000",Roll
2014 May 24,"['5', '9', '37', '43', '46', '48']",14,"$5,000,000",Roll
2014 May 21,"['23', '34', '43', '44', '47', '49']",45,"$7,000,000",Won
2014 May 17,"['24', '33', '35', '40', '43', '49']",16,"$5,000,000",Roll
2014 May 14,"['2', '25', '27', '28', '31', '47']",20,"$9,985,306.70",Won
2014 May 10,"['16', '23', '33', '36', '48', '49']",37,"$7,000,000",Roll
2014 May 7,"['4', '7', '12', '20', '40', '49']",14,"$5,000,000",Roll
2014 May 3,"['1', '7', '11', '17', '27', '47']",34,"$7,000,000",Won
2014 April 30,"['3', '9', '25', '32', '35', '45']",23,"$5,000,000",Roll
2014 April 26,"['3', '11', '12', '19', '21', '29']", 9,"$17,883,530.40",Won
2014 April 23,"['22', '25', '35', '40', '45', '46']",38,"$14,391,135.60",Roll
2014 April 19,"['6', '15', '40', '41', '42', '44']", 4,"$10,696,454.10",Roll
2014 April 16,"['3', '16', '26', '40', '41', '49']",14,"$7,000,000",Roll
2014 April 12,"['2', '7', '35', '36', '42', '45']",30,"$5,000,000",Roll
2014 April 9,"['8', '12', '20', '27', '32', '43']",17,"$7,000,000",Won
2014 April 5,"['13', '16', '17', '23', '27', '37']", 3,"$5,000,000",Roll
2014 April 2,"['9', '11', '32', '36', '38', '40']",26,"$10,846,570.50",Won
2014 March 29,"['15', '22', '25', '26', '42', '43']", 9,"$7,133,904.80",Roll
2014 March 26,"['2', '18', '35', '42', '45', '47']",43,"$5,000,000",Roll
2014 March 22,"['3', '6', '12', '14', '25', '28']",36,"$18,799,377.90",Won
2014 March 19,"['13', '24', '28', '34', '45', '49']",21,"$14,709,491.70",Roll
2014 March 15,"['2', '7', '11', '16', '47', '48']",20,"$10,855,907.80",Roll
2014 March 12,"['6', '12', '14', '17', '30', '49']",16,"$7,220,109.50",Roll
2014 March 8,"['11', '16', '18', '33', '34', '35']",28,"$5,000,000",Roll
2014 March 5,"['7', '26', '31', '38', '46', '47']",12,"$7,247,826",Won
2014 March 1,"['3', '8', '16', '23', '34', '44']",41,"$5,000,000",Roll
2014 February 26,"['24', '25', '26', '30', '34', '39']", 3,"$7,000,000",Won
2014 February 22,"['9', '13', '19', '22', '33', '34']",20,"$5,000,000",Roll
2014 February 19,"['2', '7', '15', '24', '37', '45']",13,"$17,356,812.80",Won
2014 February 15,"['1', '8', '37', '39', '44', '45']",21,"$13,828,366.30",Roll
2014 February 12,"['3', '12', '16', '20', '28', '31']",37,"$9,809,851.10",Roll
2014 February 8,"['2', '5', '16', '36', '41', '43']",25,"$7,000,000",Roll
2014 February 5,"['3', '16', '18', '21', '28', '47']", 5,"$5,000,000",Roll
2014 February 1,"['10', '14', '18', '27', '31', '48']", 1,"$11,031,692.30",Won
2014 January 29,"['17', '29', '36', '39', '46', '49']",30,"$7,000,000",Roll
2014 January 25,"['6', '15', '22', '23', '41', '43']",37,"$5,000,000",Roll
2014 January 22,"['4', '16', '18', '25', '36', '40']",11,"$10,380,999.40",Won
2014 January 18,"['2', '15', '33', '36', '42', '49']",13,"$7,000,000",Roll
2014 January 15,"['2', '15', '25', '27', '38', '46']",33,"$5,000,000",Roll
2014 January 11,"['3', '11', '15', '21', '23', '33']",32,"$5,000,000",Won
2014 January 8,"['1', '12', '17', '22', '29', '44']",35,"$5,000,000",Won
2014 January 4,"['1', '15', '21', '22', '38', '39']",19,"$5,000,000",Won
2014 January 1,"['4', '6', '7', '11', '12', '40']",15,"$5,000,000",Won
2015 December 30,"['17', '19', '21', '30', '39', '44']",16,"$20,061,295",Roll
2015 December 26,"['12', '16', '22', '29', '35', '40']", 8,"$15,857,643.40",Roll
2015 December 23,"['5', '9', '17', '31', '38', '46']",10,"$11,686,337.30",Roll
2015 December 19,"['4', '15', '20', '23', '27', '49']",25,"$7,000,000",Roll
2015 December 16,"['7', '20', '33', '36', '39', '48']",21,"$5,000,000",Roll
2015 December 12,"['2', '10', '18', '20', '30', '41']",38,"$14,519,825.30",Won
2015 December 9,"['4', '20', '26', '37', '45', '46']", 6,"$10,646,227.70",Roll
2015 December 5,"['10', '11', '17', '24', '26', '29']",12,"$7,021,559.10",Roll
2015 December 2,"['5', '20', '33', '34', '38', '48']",21,"$5,000,000",Roll
2015 November 28,"['4', '7', '13', '15', '27', '28']",30,"$19,643,388.70",Won
2015 November 25,"['1', '2', '3', '4', '29', '48']",21,"$14,674,585.60",Roll
2015 November 21,"['7', '16', '28', '29', '48', '49']", 9,"$10,346,162.50",Roll
2015 November 18,"['3', '8', '25', '27', '36', '38']",32,"$7,000,000",Roll
2015 November 14,"['5', '8', '23', '39', '41', '48']",26,"$5,000,000",Roll
2015 November 11,"['8', '13', '20', '24', '37', '42']",22,"$5,000,000",Won
2015 November 7,"['2', '3', '9', '17', '20', '21']",11,"$24,518,434.50",Won
2015 November 4,"['2', '4', '20', '35', '39', '42']",28,"$20,291,563",Roll
2015 October 31,"['3', '14', '20', '28', '40', '44']",48,"$15,926,750.80",Roll
2015 October 28,"['8', '9', '15', '26', '37', '48']",12,"$11,592,118.30",Roll
2015 October 24,"['1', '13', '28', '34', '37', '45']",32,"$7,892,636.50",Roll
2015 October 21,"['8', '17', '22', '33', '40', '49']",27,"$3,828,099.60",Roll
2015 October 17,"['4', '5', '6', '22', '29', '30']",20,"$64,000,000",Won
2015 October 14,"['23', '31', '32', '34', '35', '44']",10,"$50,000,000",Roll
2015 October 10,"['8', '12', '22', '27', '35', '41']",16,"$41,329,474.40",Roll
2015 October 7,"['4', '10', '19', '31', '38', '43']", 5,"$34,945,239.30",Roll
2015 October 3,"['1', '3', '15', '27', '31', '36']",33,"$30,000,000",Roll
2015 September 30,"['1', '6', '8', '13', '21', '26']", 3,"$25,113,049",Roll
2015 September 26,"['6', '13', '14', '24', '32', '34']",12,"$21,146,024.60",Roll
2015 September 23,"['7', '13', '19', '35', '42', '44']",46,"$16,614,711.70",Roll
2015 September 19,"['12', '15', '17', '21', '25', '32']",14,"$12,989,054.20",Roll
2015 September 16,"['1', '2', '9', '12', '21', '39']",44,"$9,402,955.10",Roll
2015 September 12,"['9', '10', '26', '29', '38', '42']",33,"$7,000,000",Roll
2015 September 9,"['15', '16', '29', '30', '42', '44']",37,"$5,000,000",Roll
2015 September 5,"['10', '21', '36', '37', '42', '48']",43,"$7,000,000",Won
2015 September 2,"['14', '16', '23', '28', '46', '48']",10,"$5,000,000",Roll
2015 August 29,"['13', '30', '36', '40', '42', '46']",22,"$7,000,000",Won
2015 August 26,"['5', '7', '24', '45', '46', '49']",44,"$5,000,000",Roll
2015 August 22,"['14', '22', '31', '37', '43', '49']",15,"$18,105,802.40",Won
2015 August 19,"['8', '12', '25', '38', '45', '48']",39,"$13,828,967.30",Roll
2015 August 15,"['5', '11', '20', '26', '29', '36']",49,"$10,305,963.10",Roll
2015 August 12,"['20', '24', '27', '28', '38', '48']", 2,"$7,000,000",Roll
2015 August 8,"['21', '26', '30', '31', '32', '48']",18,"$5,000,000",Roll
2015 August 5,"['8', '23', '29', '34', '35', '48']",36,"$14,200,838.30",Won
2015 August 1,"['1', '4', '7', '9', '12', '37']",27,"$10,442,569.40",Roll
2015 July 29,"['1', '8', '29', '31', '35', '39']",23,"$7,191,237.80",Roll
2015 July 25,"['16', '28', '41', '43', '47', '49']",21,"$5,000,000",Roll
2015 July 22,"['6', '9', '13', '26', '27', '46']",15,"$41,064,048",Won
2015 July 18,"['2', '12', '22', '28', '41', '48']", 5,"$35,611,286.50",Roll
2015 July 15,"['11', '18', '38', '40', '43', '46']",26,"$30,579,013",Roll
2015 July 11,"['9', '20', '25', '27', '31', '32']", 3,"$25,765,999.40",Roll
2015 July 8,"['3', '8', '41', '43', '46', '47']",49,"$21,649,635.70",Roll
2015 July 4,"['20', '22', '23', '24', '39', '41']",26,"$17,618,834.80",Roll
2015 July 1,"['21', '29', '32', '40', '43', '44']",19,"$13,675,046.90",Roll
2015 June 27,"['7', '15', '27', '31', '35', '44']", 2,"$10,024,219.50",Roll
2015 June 24,"['9', '13', '15', '18', '21', '46']",25,"$7,000,000",Roll
2015 June 20,"['10', '11', '30', '33', '41', '44']",20,"$5,000,000",Roll
2015 June 17,"['6', '7', '17', '18', '20', '32']", 4,"$17,368,141.30",Won
2015 June 13,"['5', '8', '21', '31', '40', '45']",19,"$13,988,578",Roll
2015 June 10,"['26', '37', '40', '43', '44', '45']", 3,"$10,439,581.50",Roll
2015 June 6,"['8', '12', '22', '35', '38', '44']",27,"$7,000,000",Roll
2015 June 3,"['26', '28', '33', '35', '37', '46']",47,"$5,000,000",Roll
2015 May 30,"['4', '9', '17', '27', '36', '49']",21,"$10,188,759.60",Won
2015 May 27,"['23', '27', '36', '41', '43', '47']",35,"$7,000,000",Roll
2015 May 23,"['8', '23', '24', '31', '35', '44']",49,"$5,000,000",Roll
2015 May 20,"['2', '4', '12', '17', '18', '47']",14,"$9,707,953.30",Won
2015 May 16,"['1', '12', '22', '25', '35', '45']", 9,"$7,000,000",Roll
2015 May 13,"['3', '16', '24', '40', '41', '48']",20,"$5,000,000",Roll
2015 May 9,"['1', '16', '21', '22', '33', '43']", 7,"$5,000,000",Won
2015 May 6,"['13', '16', '19', '24', '27', '30']",48,"$27,523,073.20",Roll
2015 May 2,"['2', '8', '17', '23', '40', '42']",25,"$23,076,560.40",Roll
2015 April 29,"['10', '21', '34', '37', '45', '49']",43,"$18,379,135.90",Roll
2015 April 25,"['7', '13', '23', '25', '40', '41']",48,"$13,995,756.30",Roll
2015 April 22,"['4', '24', '27', '35', '38', '48']",44,"$10,258,150.40",Roll
2015 April 18,"['11', '25', '33', '35', '44', '49']",43,"$7,000,000",Roll
2015 April 15,"['11', '13', '25', '34', '41', '45']", 4,"$5,000,000",Roll
2015 April 11,"['5', '8', '22', '23', '27', '37']",11,"$10,584,398",Won
2015 April 8,"['2', '4', '14', '16', '18', '19']",25,"$7,056,297.80",Roll
2015 April 4,"['2', '9', '32', '33', '35', '49']", 4,"$5,000,000",Roll
2015 April 1,"['4', '7', '12', '16', '22', '24']",41,"$34,967,874.60",Won
2015 March 28,"['12', '15', '21', '23', '40', '48']", 8,"$30,051,073.70",Roll
2015 March 25,"['6', '14', '16', '29', '38', '46']", 5,"$24,894,040.80",Roll
2015 March 21,"['8', '22', '29', '32', '33', '35']", 2,"$20,434,074.60",Roll
2015 March 18,"['16', '17', '37', '39', '41', '45']",14,"$14,792,527.70",Roll
2015 March 14,"['9', '19', '38', '40', '45', '47']",13,"$10,030,071.10",Roll
2015 March 11,"['7', '9', '21', '40', '44', '45']",42,"$7,000,000",Roll
2015 March 7,"['4', '10', '15', '18', '26', '41']",16,"$5,000,000",Roll
2015 March 4,"['2', '10', '14', '19', '28', '33']",48,"$5,000,000",Won
2015 February 28,"['5', '14', '39', '42', '46', '49']",17,"$5,000,000",Won
2015 February 25,"['15', '17', '25', '29', '30', '35']",14,"$5,000,000",Won
2015 February 21,"['3', '4', '9', '14', '23', '48']",26,"$5,000,000",Won
2015 February 18,"['3', '6', '11', '15', '20', '37']",31,"$5,000,000",Won
2015 February 14,"['9', '10', '15', '18', '21', '37']",20,"$13,888,226.10",Won
2015 February 11,"['1', '13', '24', '29', '43', '49']", 8,"$10,004,155.50",Roll
2015 February 7,"['14', '16', '24', '41', '42', '48']",34,"$7,000,000",Roll
2015 February 4,"['6', '8', '10', '22', '30', '43']",23,"$5,000,000",Roll
2015 January 31,"['9', '13', '18', '20', '24', '36']", 5,"$10,052,203.30",Won
2015 January 28,"['3', '4', '5', '8', '33', '38']",14,"$7,000,000",Roll
2015 January 24,"['2', '8', '9', '11', '21', '39']",37,"$5,000,000",Roll
2015 January 21,"['3', '15', '17', '35', '44', '46']",23,"$5,000,000",Won
2015 January 17,"['9', '15', '21', '27', '35', '40']", 5,"$35,164,526.30",Won
2015 January 14,"['15', '16', '17', '28', '33', '44']",36,"$29,921,736.10",Roll
2015 January 10,"['1', '11', '23', '25', '27', '30']",43,"$25,012,192.20",Roll
2015 January 7,"['10', '16', '31', '36', '38', '47']",22,"$20,878,927.20",Roll
2015 January 3,"['12', '21', '28', '37', '40', '43']",38,"$16,512,588",Roll
2016 December 31,"['3', '5', '14', '18', '26', '28']",40,"$5,000,000",Roll
2016 December 28,"['1', '5', '10', '15', '40', '41']",27,"$10,733,409.60",Won
2016 December 24,"['15', '20', '23', '27', '39', '48']",34,"$7,769,562.80",Roll
2016 December 21,"['16', '27', '30', '38', '47', '49']", 8,"$5,000,000",Roll
2016 December 17,"['9', '16', '26', '27', '32', '34']",37,"$9,814,798.20",Won
2016 December 14,"['20', '22', '40', '41', '42', '47']",15,"$7,000,000",Roll
2016 December 10,"['3', '37', '40', '41', '47', '49']", 6,"$5,000,000",Roll
2016 December 7,"['6', '7', '12', '32', '34', '46']",33,"$5,000,000",Won
2016 December 3,"['3', '4', '7', '19', '30', '48']",21,"$24,743,962.40",Won
2016 November 30,"['15', '16', '20', '24', '26', '31']",37,"$21,029,543.60",Roll
2016 November 26,"['13', '14', '31', '39', '42', '45']",44,"$16,956,498",Roll
2016 November 23,"['6', '12', '13', '21', '31', '42']",22,"$12,539,835.20",Roll
2016 November 19,"['9', '11', '21', '26', '28', '45']",49,"$9,000,000",Roll
2016 November 16,"['3', '5', '6', '9', '33', '47']",19,"$7,000,000",Roll
2016 November 12,"['2', '4', '6', '22', '25', '42']",44,"$5,000,000",Roll
2016 November 9,"['6', '9', '30', '37', '43', '49']",18,"$32,707,357",Won
2016 November 5,"['11', '17', '26', '27', '37', '48']",31,"$30,000,000",Roll
2016 November 2,"['4', '7', '9', '21', '25', '42']",49,"$23,866,343.40",Roll
2016 October 29,"['21', '25', '26', '29', '36', '45']",38,"$20,221,089.70",Roll
2016 October 26,"['15', '17', '24', '27', '42', '47']",39,"$16,310,814.90",Roll
2016 October 22,"['13', '24', '29', '31', '33', '47']",43,"$13,045,221.90",Roll
2016 October 19,"['4', '21', '28', '33', '38', '41']",23,"$9,665,802",Roll
2016 October 15,"['8', '29', '30', '37', '41', '44']", 6,"$7,000,000",Roll
2016 October 12,"['8', '28', '31', '40', '42', '47']",37,"$5,000,000",Roll
2016 October 8,"['3', '27', '33', '38', '42', '48']",32,"$20,531,312.50",Won
2016 October 5,"['1', '3', '31', '32', '39', '49']",48,"$16,257,483",Roll
2016 October 1,"['7', '18', '22', '31', '38', '39']", 2,"$12,646,124.80",Roll
2016 September 28,"['8', '11', '14', '19', '42', '49']",24,"$9,183,019",Roll
2016 September 24,"['2', '5', '17', '23', '33', '47']", 9,"$7,000,000",Roll
2016 September 21,"['6', '21', '33', '36', '39', '46']",24,"$5,000,000",Roll
2016 September 17,"['14', '16', '25', '39', '45', '47']",26,"$9,714,091.40",Won
2016 September 14,"['3', '5', '17', '18', '35', '46']",10,"$7,000,000",Roll
2016 September 10,"['6', '13', '22', '39', '40', '41']",27,"$5,000,000",Roll
2016 September 7,"['4', '8', '30', '31', '35', '43']",42,"$5,000,000",Won
2016 September 3,"['1', '15', '17', '20', '23', '43']",44,"$50,000,000",Won
2016 August 31,"['8', '10', '17', '36', '39', '44']",40,"$5,000,000",Won
2016 August 27,"['3', '14', '16', '33', '47', '48']",29,"$13,612,423",Won
2016 August 24,"['4', '17', '22', '30', '36', '38']", 3,"$10,034,039",Roll
2016 August 20,"['11', '20', '26', '32', '39', '43']",49,"$7,000,000",Roll
2016 August 17,"['2', '12', '19', '38', '41', '47']",46,"$5,000,000",Roll
2016 August 13,"['3', '4', '15', '17', '38', '47']",36,"$21,054,565.60",Won
2016 August 10,"['6', '25', '26', '29', '37', '43']",41,"$17,058,147.20",Roll
2016 August 6,"['2', '7', '22', '26', '32', '38']",20,"$13,155,583.30",Roll
2016 August 3,"['23', '30', '38', '40', '43', '45']",10,"$9,664,679.50",Roll
2016 July 30,"['4', '5', '9', '19', '22', '23']",16,"$7,000,000",Roll
2016 July 27,"['6', '7', '9', '39', '47', '49']",15,"$5,000,000",Roll
2016 July 23,"['7', '18', '34', '41', '48', '49']",29,"$5,000,000",Won
2016 July 20,"['14', '15', '16', '43', '44', '46']",38,"$5,000,000",Won
2016 July 16,"['15', '25', '26', '33', '38', '47']",27,"$5,000,000",Won
2016 July 13,"['2', '7', '25', '30', '34', '36']", 6,"$7,000,000",Won
2016 July 9,"['23', '28', '30', '32', '42', '44']",24,"$5,000,000",Roll
2016 July 6,"['7', '12', '22', '35', '39', '43']",13,"$9,383,662.50",Roll
2016 July 2,"['1', '16', '28', '33', '39', '45']",13,"$7,000,000",Roll
2016 June 29,"['8', '11', '20', '24', '41', '42']",47,"$5,000,000",Roll
2016 June 25,"['4', '5', '6', '8', '39', '42']",30,"$7,000,000",Won
2016 June 22,"['5', '15', '17', '18', '37', '42']",44,"$5,000,000",Roll
2016 June 18,"['7', '8', '22', '32', '40', '45']",25,"$12,803,467.90",Won
2016 June 15,"['7', '16', '22', '27', '35', '49']",11,"$9,332,792.30",Roll
2016 June 11,"['9', '28', '36', '37', '40', '46']",47,"$7,000,000",Roll
2016 June 8,"['6', '23', '34', '35', '38', '44']",21,"$5,000,000",Roll
2016 June 4,"['3', '4', '6', '10', '18', '26']",14,"$7,000,000",Won
2016 June 1,"['2', '10', '14', '23', '26', '31']",12,"$5,000,000",Roll
2016 May 28,"['18', '29', '31', '36', '43', '47']",23,"$9,824,873.50",Won
2016 May 25,"['4', '17', '18', '24', '29', '39']",21,"$7,000,000",Roll
2016 May 21,"['6', '10', '37', '39', '42', '48']",28,"$5,000,000",Roll
2016 May 18,"['4', '11', '21', '25', '44', '47']", 3,"$13,238,370.90",Won
2016 May 14,"['8', '21', '24', '33', '41', '46']",29,"$9,801,860.10",Roll
2016 May 11,"['4', '23', '25', '36', '47', '48']", 3,"$7,000,000",Roll
2016 May 7,"['6', '8', '25', '31', '32', '33']", 1,"$5,000,000",Roll
2016 May 4,"['4', '16', '19', '22', '36', '40']",21,"$5,000,000",Won
2016 April 30,"['1', '7', '18', '28', '30', '34']",48,"$20,997,902.50",Won
2016 April 27,"['3', '18', '28', '29', '37', '43']",47,"$17,091,814.40",Roll
2016 April 23,"['14', '29', '37', '41', '48', '49']",31,"$13,193,262",Roll
2016 April 20,"['1', '2', '7', '9', '18', '27']", 5,"$9,379,557.10",Roll
2016 April 16,"['9', '12', '21', '37', '38', '43']",31,"$7,000,000",Roll
2016 April 13,"['10', '14', '23', '41', '42', '47']",19,"$5,000,000",Roll
2016 April 9,"['12', '29', '34', '44', '47', '49']",37,"$5,000,000",Won
2016 April 6,"['1', '3', '5', '8', '13', '31']",21,"$12,985,186.40",Roll
2016 April 2,"['2', '15', '21', '40', '41', '44']",23,"$10,112,201.20",Roll
2016 March 30,"['14', '27', '28', '30', '45', '46']",44,"$7,000,000",Roll
2016 March 26,"['9', '11', '20', '22', '37', '46']",47,"$5,000,000",Roll
2016 March 23,"['4', '6', '13', '28', '29', '36']", 9,"$5,000,000",Won
2016 March 19,"['1', '10', '11', '12', '19', '27']",29,"$7,000,000",Won
2016 March 16,"['1', '3', '7', '16', '17', '37']",35,"$5,000,000",Roll
2016 March 12,"['6', '27', '30', '34', '35', '42']",16,"$13,259,788.90",Roll
2016 March 9,"['3', '5', '11', '16', '21', '45']",29,"$9,387,172.20",Roll
2016 March 5,"['7', '13', '27', '33', '35', '36']", 5,"$7,000,000",Roll
2016 March 2,"['20', '27', '30', '32', '34', '40']", 9,"$5,000,000",Roll
2016 February 27,"['4', '11', '20', '23', '41', '45']",22,"$7,240,871.20",Won
2016 February 24,"['14', '18', '35', '38', '41', '43']",15,"$5,000,000",Roll
2016 February 20,"['4', '8', '10', '30', '33', '39']",25,"$21,927,453.20",Won
2016 February 17,"['7', '21', '28', '32', '38', '42']", 5,"$17,899,310.30",Roll
2016 February 13,"['2', '9', '25', '27', '31', '42']",18,"$14,353,217.60",Roll
2016 February 10,"['8', '13', '33', '34', '38', '43']",12,"$9,978,047.10",Roll
2016 February 6,"['7', '19', '25', '26', '31', '44']",35,"$7,000,000",Roll
2016 February 3,"['20', '23', '34', '38', '43', '47']",15,"$5,000,000",Roll
2016 January 30,"['4', '5', '32', '37', '38', '44']",34,"$18,308,199.90",Won
2016 January 27,"['4', '13', '24', '36', '39', '41']",47,"$14,106,813.10",Roll
2016 January 23,"['21', '31', '34', '37', '38', '44']", 9,"$10,498,159.50",Roll
2016 January 20,"['7', '19', '32', '39', '40', '48']",45,"$7,000,000",Roll
2016 January 16,"['9', '21', '29', '34', '38', '42']",13,"$5,000,000",Roll
2016 January 13,"['6', '8', '25', '39', '46', '47']",28,"$5,000,000",Won
2016 January 9,"['5', '22', '30', '33', '45', '48']",29,"$7,034,292.90",Won
2016 January 6,"['2', '35', '37', '39', '43', '44']",20,"$5,000,000",Roll
2016 January 2,"['10', '12', '16', '20', '27', '36']",25,"$23,846,591.10",Won
2017 December 30,"['8', '12', '23', '25', '45', '47']",43,"$5,000,000",Won
2017 December 27,"['4', '7', '10', '14', '27', '31']", 1,"$5,000,000",Won
2017 December 23,"['8', '11', '22', '29', '39', '40']",30,"$17,281,744.20",Won
2017 December 20,"['3', '4', '28', '30', '34', '41']",31,"$12,555,888.80",Roll
2017 December 16,"['2', '13', '24', '26', '31', '41']",40,"$9,122,047.30",Roll
2017 December 13,"['12', '29', '30', '40', '45', '48']",27,"$7,000,000",Roll
2017 December 9,"['8', '10', '11', '14', '19', '33']",30,"$5,000,000",Roll
2017 December 6,"['6', '9', '16', '19', '21', '28']",35,"$7,000,000",Won
2017 December 2,"['10', '12', '29', '33', '47', '48']",24,"$5,000,000",Roll
2017 November 29,"['11', '18', '27', '33', '37', '43']",20,"$5,000,000",Won
2017 November 25,"['16', '17', '21', '31', '39', '49']",29,"$5,000,000",Won
2017 November 22,"['26', '28', '31', '36', '38', '45']",18,"$16,787,681.40",Won
2017 November 18,"['9', '16', '18', '22', '23', '40']",13,"$12,713,928.40",Roll
2017 November 15,"['18', '25', '29', '30', '36', '48']",47,"$9,363,835.60",Roll
2017 November 11,"['15', '21', '24', '31', '37', '42']",32,"$7,000,000",Roll
2017 November 8,"['22', '24', '25', '32', '39', '42']",45,"$5,000,000",Roll
2017 November 4,"['1', '3', '6', '21', '22', '33']",19,"$7,000,000",Won
2017 November 1,"['1', '23', '29', '32', '45', '49']",16,"$5,000,000",Roll
2017 October 28,"['8', '15', '25', '30', '31', '32']", 1,"$40,497,949.90",Won
2017 October 25,"['6', '31', '37', '40', '41', '42']",44,"$34,214,348",Roll
2017 October 21,"['3', '24', '26', '30', '34', '49']",47,"$30,000,000",Roll
2017 October 18,"['11', '25', '33', '35', '40', '42']",15,"$23,685,684.30",Roll
2017 October 14,"['16', '22', '28', '29', '32', '34']",43,"$20,000,000",Roll
2017 October 11,"['18', '24', '32', '36', '37', '44']", 9,"$15,380,842.80",Roll
2017 October 7,"['8', '22', '28', '40', '46', '49']", 9,"$12,130,741.10",Roll
2017 October 4,"['4', '6', '10', '11', '20', '35']",43,"$9,000,000",Roll
2017 September 30,"['6', '27', '33', '38', '40', '47']",16,"$7,000,000",Roll
2017 September 27,"['2', '16', '19', '20', '23', '34']", 9,"$5,000,000",Roll
2017 September 23,"['4', '11', '15', '20', '35', '47']",25,"$5,000,000",Won
2017 September 20,"['6', '17', '29', '37', '45', '47']",39,"$12,293,435.20",Won
2017 September 16,"['9', '17', '19', '26', '37', '47']",13,"$9,007,779.40",Roll
2017 September 13,"['18', '22', '24', '28', '29', '33']", 7,"$7,000,000",Roll
2017 September 9,"['5', '9', '18', '29', '39', '47']",35,"$5,000,000",Roll
2017 September 6,"['9', '15', '18', '21', '24', '28']",14,"$16,042,016.10",Roll
2017 September 2,"['9', '19', '26', '27', '42', '46']",21,"$12,964,718.30",Roll
2017 August 30,"['21', '23', '31', '33', '36', '38']", 9,"$9,569,488.10",Roll
2017 August 26,"['5', '7', '32', '38', '40', '46']",47,"$7,000,000",Roll
2017 August 23,"['9', '15', '24', '33', '40', '46']",38,"$7,000,000",Won
2017 August 19,"['2', '13', '27', '45', '48', '49']",19,"$7,000,000",Won
2017 August 16,"['25', '29', '30', '31', '33', '47']",34,"$5,000,000",Roll
2017 August 12,"['5', '8', '13', '25', '33', '45']",38,"$12,875,586",Won
2017 August 9,"['16', '23', '28', '38', '41', '43']",19,"$9,623,799.60",Roll
2017 August 5,"['18', '21', '36', '41', '45', '47']",17,"$7,000,000",Roll
2017 August 2,"['13', '16', '24', '25', '38', '43']",48,"$5,000,000",Roll
2017 July 29,"['12', '15', '17', '31', '47', '49']",26,"$9,524,396.40",Won
2017 July 26,"['1', '2', '18', '26', '36', '44']",49,"$7,000,000",Roll
2017 July 22,"['5', '8', '17', '32', '38', '45']",18,"$5,000,000",Roll
2017 July 19,"['2', '5', '10', '11', '27', '39']",48,"$5,000,000",Won
2017 July 15,"['10', '12', '27', '29', '34', '48']",39,"$5,000,000",Won
2017 July 12,"['12', '13', '30', '41', '45', '49']",16,"$5,000,000",Won
2017 July 8,"['20', '25', '26', '32', '34', '36']", 9,"$9,576,382.20",Won
2017 July 5,"['4', '9', '33', '36', '47', '49']",10,"$7,000,000",Roll
2017 July 1,"['15', '16', '22', '33', '37', '41']",27,"$5,000,000",Roll
2017 June 28,"['8', '21', '25', '34', '46', '48']", 4,"$12,741,160.20",Won
2017 June 24,"['3', '11', '16', '40', '43', '46']",36,"$9,424,095.90",Roll
2017 June 21,"['2', '12', '34', '39', '41', '45']",21,"$7,000,000",Roll
2017 June 17,"['5', '6', '18', '21', '36', '44']",32,"$5,000,000",Roll
2017 June 14,"['17', '24', '26', '27', '35', '49']",33,"$22,000,000",Won
2017 June 10,"['3', '4', '21', '31', '33', '48']",26,"$20,000,000",Roll
2017 June 7,"['16', '19', '23', '30', '33', '40']",46,"$12,023,094.80",Roll
2017 June 3,"['7', '12', '32', '36', '40', '44']",45,"$9,000,000",Roll
2017 May 31,"['1', '3', '8', '9', '12', '40']", 2,"$7,000,000",Roll
2017 May 27,"['7', '15', '25', '26', '27', '36']",12,"$5,000,000",Roll
2017 May 24,"['3', '5', '9', '22', '37', '46']",10,"$12,715,949.20",Won
2017 May 20,"['5', '8', '10', '20', '33', '34']",45,"$9,836,209.40",Roll
2017 May 17,"['9', '17', '36', '38', '41', '45']",39,"$7,000,000",Roll
2017 May 13,"['18', '19', '22', '26', '30', '47']",43,"$5,000,000",Roll
2017 May 10,"['6', '7', '8', '21', '27', '38']",23,"$30,000,000",Won
2017 May 6,"['6', '7', '9', '11', '34', '38']", 8,"$25,000,000",Roll
2017 May 3,"['1', '5', '7', '16', '28', '46']",30,"$22,000,000",Roll
2017 April 29,"['10', '23', '26', '40', '45', '46']",12,"$20,000,000",Roll
2017 April 26,"['9', '10', '11', '13', '45', '49']",24,"$11,768,895.60",Roll
2017 April 22,"['4', '7', '15', '16', '43', '48']",26,"$9,000,000",Roll
2017 April 19,"['4', '11', '21', '24', '44', '49']",41,"$7,000,000",Roll
2017 April 15,"['11', '19', '22', '23', '41', '46']", 5,"$5,000,000",Roll
2017 April 12,"['7', '19', '37', '38', '41', '42']",11,"$9,359,344.90",Won
2017 April 8,"['4', '9', '10', '15', '38', '39']",49,"$7,000,000",Roll
2017 April 5,"['3', '10', '19', '30', '44', '48']",40,"$5,000,000",Roll
2017 April 1,"['27', '40', '41', '42', '45', '46']",20,"$7,000,000",Won
2017 March 29,"['3', '12', '16', '17', '22', '30']",48,"$5,000,000",Roll
2017 March 25,"['5', '9', '14', '24', '30', '35']",21,"$12,243,921.70",Won
2017 March 22,"['2', '3', '5', '27', '40', '46']",28,"$9,046,417.30",Roll
2017 March 18,"['6', '16', '29', '33', '41', '48']",23,"$7,000,000",Roll
2017 March 15,"['16', '17', '21', '34', '37', '46']", 3,"$5,000,000",Roll
2017 March 11,"['6', '10', '11', '23', '42', '47']",44,"$7,000,000",Won
2017 March 8,"['10', '17', '24', '28', '35', '36']",40,"$5,000,000",Roll
2017 March 4,"['5', '16', '24', '31', '38', '47']",42,"$7,000,000.20",Won
2017 March 1,"['6', '14', '17', '18', '31', '43']",38,"$5,000,000",Roll
2017 February 25,"['21', '23', '31', '33', '38', '42']",22,"$5,000,000",Won
2017 February 22,"['9', '21', '25', '26', '31', '41']",11,"$16,326,122.20",Won
2017 February 18,"['11', '13', '14', '20', '43', '49']",25,"$13,059,579.80",Roll
2017 February 15,"['1', '16', '17', '24', '41', '46']",22,"$9,543,038.90",Roll
2017 February 11,"['10', '11', '21', '28', '38', '44']",17,"$7,000,000",Roll
2017 February 8,"['3', '4', '8', '12', '13', '46']",26,"$5,000,000",Roll
2017 February 4,"['2', '8', '9', '13', '41', '44']",27,"$12,885,935.50",Won
2017 February 1,"['5', '9', '11', '36', '42', '43']",41,"$9,499,270.70",Roll
2017 January 28,"['9', '10', '23', '28', '41', '47']",17,"$7,000,000",Roll
2017 January 25,"['2', '14', '19', '28', '42', '44']",34,"$5,000,000",Roll
2017 January 21,"['8', '22', '23', '36', '40', '42']", 5,"$25,000,000",Won
2017 January 18,"['10', '17', '20', '24', '33', '35']",28,"$22,000,000",Roll
2017 January 14,"['1', '6', '19', '30', '32', '44']",33,"$20,000,000",Roll
2017 January 11,"['24', '34', '36', '38', '42', '43']",30,"$12,623,518.70",Roll
2017 January 7,"['1', '10', '18', '19', '23', '27']",48,"$9,334,795.10",Roll
2017 January 4,"['2', '11', '13', '23', '35', '48']",30,"$7,000,000",Roll
2018 December 29,"['11', '16', '17', '22', '29', '47']",32,"$13,073,605.30",Roll
2018 December 26,"['2', '14', '27', '36', '38', '48']",40,"$9,767,181.50",Roll
2018 December 22,"['11', '16', '17', '22', '25', '33']",40,"$7,000,000",Roll
2018 December 19,"['1', '9', '31', '32', '34', '45']", 5,"$5,000,000",Roll
2018 December 15,"['11', '12', '22', '36', '46', '47']", 7,"$15,871,973.40",Won
2018 December 12,"['10', '13', '23', '27', '31', '42']",17,"$12,273,982.50",Roll
2018 December 8,"['4', '13', '25', '33', '41', '49']", 1,"$9,211,505.40",Roll
2018 December 5,"['11', '13', '18', '23', '26', '46']",12,"$7,000,000",Roll
2018 December 1,"['10', '14', '16', '27', '33', '47']",30,"$5,000,000",Roll
2018 November 28,"['3', '17', '21', '29', '47', '49']", 7,"$19,813,534.10",Won
2018 November 24,"['9', '10', '23', '37', '45', '49']",18,"$16,367,441.80",Roll
2018 November 21,"['2', '10', '13', '25', '40', '42']",38,"$12,427,969.80",Roll
2018 November 17,"['5', '17', '18', '34', '44', '45']",27,"$9,335,208.20",Roll
2018 November 14,"['5', '10', '20', '23', '35', '42']",44,"$7,000,000",Roll
2018 November 10,"['6', '9', '16', '20', '31', '41']",49,"$5,000,000",Roll
2018 November 7,"['2', '10', '13', '16', '31', '43']", 8,"$5,000,000",Won
2018 November 3,"['7', '8', '24', '32', '42', '48']",45,"$9,656,932",Won
2018 October 31,"['4', '9', '11', '15', '25', '27']", 5,"$7,000,000",Roll
2018 October 27,"['10', '18', '21', '29', '35', '37']",24,"$5,000,000",Roll
2018 October 24,"['4', '11', '19', '23', '24', '34']",20,"$5,000,000",Won
2018 October 20,"['4', '12', '16', '25', '30', '31']", 8,"$7,000,000",Won
2018 October 17,"['10', '32', '37', '45', '46', '47']", 6,"$5,000,000",Roll
2018 October 13,"['25', '27', '31', '41', '44', '45']",16,"$5,000,000",Won
2018 October 10,"['3', '15', '16', '20', '22', '23']",24,"$7,000,000",Won
2018 October 6,"['20', '23', '24', '33', '37', '48']",22,"$5,000,000",Roll
2018 October 3,"['15', '32', '38', '40', '44', '45']", 2,"$40,000,000",Won
2018 September 29,"['1', '6', '7', '10', '31', '49']",39,"$33,292,332.20",Roll
2018 September 26,"['5', '7', '9', '35', '42', '45']",31,"$30,000,000",Roll
2018 September 22,"['19', '34', '36', '39', '40', '49']", 2,"$24,394,844",Roll
2018 September 19,"['3', '9', '15', '17', '23', '45']",18,"$20,139,044.40",Roll
2018 September 15,"['3', '4', '18', '24', '32', '36']",19,"$16,411,773.80",Roll
2018 September 12,"['14', '21', '27', '32', '35', '43']",41,"$12,958,506.90",Roll
2018 September 8,"['8', '10', '31', '41', '46', '47']",45,"$9,620,869.70",Roll
2018 September 5,"['4', '6', '15', '32', '36', '47']",48,"$7,000,000",Roll
2018 September 1,"['8', '12', '15', '34', '37', '44']",45,"$5,000,000",Roll
2018 August 29,"['7', '8', '14', '23', '35', '40']",39,"$33,600,463.20",Won
2018 August 25,"['3', '6', '12', '24', '43', '49']",46,"$30,000,000",Roll
2018 August 22,"['3', '4', '19', '30', '37', '40']",10,"$24,533,578.20",Roll
2018 August 18,"['6', '8', '9', '11', '18', '48']",13,"$22,000,000",Roll
2018 August 15,"['2', '17', '25', '27', '37', '42']",29,"$20,000,000",Roll
2018 August 11,"['2', '9', '16', '27', '38', '41']",34,"$12,721,615.10",Roll
2018 August 8,"['9', '18', '21', '22', '29', '37']",17,"$9,151,623.70",Roll
2018 August 4,"['3', '9', '11', '21', '24', '45']",43,"$7,000,000",Roll
2018 August 1,"['13', '19', '22', '29', '36', '42']",35,"$5,000,000",Roll
2018 July 28,"['5', '11', '17', '20', '28', '45']", 7,"$5,000,000.10",Won
2018 July 25,"['2', '7', '15', '31', '33', '42']",20,"$12,232,913",Won
2018 July 21,"['2', '9', '22', '26', '27', '30']",41,"$9,000,000",Roll
2018 July 18,"['3', '14', '16', '19', '44', '48']", 1,"$7,000,000",Roll
2018 July 14,"['8', '10', '12', '17', '22', '37']",29,"$5,000,000",Roll
2018 July 11,"['1', '9', '11', '38', '45', '48']",25,"$9,333,580.80",Won
2018 July 7,"['1', '3', '25', '40', '44', '47']", 2,"$7,000,000",Roll
2018 July 4,"['6', '25', '37', '44', '47', '49']",26,"$5,000,000",Roll
2018 June 30,"['2', '3', '7', '11', '16', '20']",17,"$7,000,000",Won
2018 June 27,"['4', '6', '10', '13', '14', '28']",47,"$5,000,000",Roll
2018 June 23,"['8', '11', '31', '36', '41', '45']",40,"$7,000,000",Won
2018 June 20,"['14', '24', '31', '35', '37', '48']",17,"$5,000,000",Roll
2018 June 16,"['2', '15', '21', '31', '38', '49']", 8,"$7,000,000",Won
2018 June 13,"['6', '22', '24', '31', '32', '34']",16,"$5,000,000",Roll
2018 June 9,"['19', '25', '31', '36', '46', '47']",26,"$9,785,890.80",Won
2018 June 6,"['10', '15', '23', '38', '40', '41']",35,"$7,000,000",Roll
2018 June 2,"['2', '26', '32', '40', '45', '49']",29,"$5,000,000",Roll
2018 May 30,"['9', '14', '17', '21', '38', '39']",22,"$9,684,326.10",Won
2018 May 26,"['12', '13', '16', '23', '39', '44']", 2,"$7,000,000",Roll
2018 May 23,"['4', '9', '15', '20', '42', '44']",31,"$5,000,000",Roll
2018 May 19,"['14', '15', '28', '34', '38', '44']",30,"$5,000,000",Won
2018 May 16,"['19', '21', '28', '30', '39', '46']", 7,"$10,985,156.30",Roll
2018 May 12,"['6', '17', '21', '34', '37', '44']",13,"$18,091,742.40",Roll
2018 May 9,"['15', '17', '21', '24', '36', '37']",32,"$14,214,658.20",Roll
2018 May 5,"['4', '18', '24', '26', '33', '48']",34,"$10,815,847.20",Roll
2018 May 2,"['4', '7', '28', '36', '37', '49']",21,"$7,374,828.50",Roll
2018 April 28,"['24', '31', '33', '34', '44', '46']",10,"$5,000,000",Roll
2018 April 25,"['10', '14', '15', '16', '40', '46']", 6,"$30,531,740.40",Won
2018 April 21,"['12', '19', '20', '30', '41', '49']", 9,"$26,057,879.80",Roll
2018 April 18,"['12', '17', '19', '22', '27', '39']",38,"$22,000,000",Roll
2018 April 14,"['1', '11', '19', '36', '48', '49']", 9,"$20,000,000",Roll
2018 April 11,"['3', '7', '10', '32', '41', '43']",33,"$13,746,799.60",Roll
2018 April 7,"['18', '22', '36', '40', '47', '49']",32,"$10,485,348",Roll
2018 April 4,"['6', '8', '9', '13', '34', '40']", 4,"$7,000,000",Roll
2018 March 31,"['3', '7', '22', '26', '43', '47']",48,"$5,000,000",Roll
2018 March 28,"['11', '12', '19', '24', '28', '46']",39,"$7,000,000",Won
2018 March 24,"['9', '11', '28', '30', '45', '49']", 5,"$5,000,000",Roll
2018 March 21,"['1', '5', '9', '12', '39', '41']",28,"$20,481,125.50",Won
2018 March 17,"['16', '17', '35', '43', '44', '46']",49,"$16,850,257.40",Roll
2018 March 14,"['1', '9', '10', '19', '33', '43']",21,"$13,007,077.80",Roll
2018 March 10,"['2', '10', '28', '43', '44', '48']",39,"$9,693,709",Roll
2018 March 7,"['6', '30', '33', '38', '45', '46']",40,"$7,000,000",Roll
2018 March 3,"['12', '17', '25', '30', '32', '39']",47,"$5,000,000",Roll
2018 February 28,"['3', '14', '36', '38', '40', '48']",23,"$12,506,188.10",Won
2018 February 24,"['3', '13', '19', '26', '33', '44']", 5,"$9,045,140.50",Roll
2018 February 21,"['10', '11', '24', '25', '30', '49']",47,"$7,000,000",Roll
2018 February 17,"['18', '29', '31', '36', '47', '48']",17,"$5,000,000",Roll
2018 February 14,"['8', '15', '17', '22', '30', '43']",13,"$7,039,870",Won
2018 February 10,"['18', '20', '21', '22', '30', '33']",26,"$5,000,000",Roll
2018 February 7,"['3', '8', '11', '18', '28', '45']", 6,"$9,000,000",Won
2018 February 3,"['10', '13', '16', '23', '36', '44']",42,"$7,000,000",Roll
2018 January 31,"['1', '7', '27', '31', '34', '39']", 3,"$5,000,000",Roll
2018 January 27,"['7', '8', '13', '24', '28', '35']",26,"$23,324,912.20",Won
2018 January 24,"['9', '20', '21', '28', '34', '35']",33,"$19,538,000.90",Roll
2018 January 20,"['6', '10', '14', '27', '30', '40']", 5,"$15,855,727.70",Roll
2018 January 17,"['6', '24', '34', '39', '43', '44']", 8,"$12,387,176.10",Roll
2018 January 13,"['21', '26', '32', '40', '42', '44']",12,"$9,171,991.30",Roll
2018 January 10,"['9', '10', '19', '23', '28', '49']",15,"$7,000,000",Roll
2018 January 6,"['12', '25', '36', '39', '42', '45']",29,"$5,000,000",Roll
2018 January 3,"['3', '13', '20', '35', '37', '39']",14,"$5,000,000",Won
2019 December 28,"['2', '4', '12', '18', '29', '41']",30,"$13,136,228.50",Roll
2019 December 25,"['17', '24', '28', '33', '36', '45']",48,"$10,036,742.30",Roll
2019 December 21,"['16', '18', '19', '45', '47', '48']",21,"$7,000,000",Roll
2019 December 18,"['18', '22', '25', '36', '38', '44']", 8,"$5,000,000",Roll
2019 December 14,"['9', '12', '17', '23', '41', '44']", 3,"$9,000,000",Won
2019 December 11,"['7', '17', '21', '34', '47', '48']",27,"$7,000,000",Roll
2019 December 7,"['18', '32', '36', '37', '38', '45']",13,"$5,000,000",Roll
2019 December 4,"['2', '3', '4', '10', '21', '43']",19,"$5,000,000",Won
2019 November 30,"['1', '8', '18', '24', '30', '45']",13,"$17,613,060.20",Won
2019 November 27,"['13', '15', '16', '20', '39', '42']",27,"$14,000,318.30",Roll
2019 November 23,"['16', '19', '24', '29', '31', '36']", 8,"$11,000,000",Roll
2019 November 20,"['4', '20', '29', '30', '36', '45']",22,"$9,000,000",Roll
2019 November 16,"['2', '3', '4', '11', '27', '47']",17,"$7,000,000",Roll
2019 November 13,"['1', '19', '31', '44', '46', '49']", 3,"$5,000,000",Roll
2019 November 9,"['12', '31', '36', '37', '46', '49']",43,"$18,172,994.70",Won
2019 November 6,"['6', '8', '13', '14', '35', '40']",26,"$14,555,764.60",Roll
2019 November 2,"['8', '16', '19', '20', '39', '43']",28,"$11,596,803.20",Roll
2019 October 30,"['23', '30', '33', '34', '41', '45']",31,"$9,000,000",Roll
2019 October 26,"['4', '12', '15', '26', '43', '44']", 2,"$7,000,000",Roll
2019 October 23,"['11', '13', '24', '28', '40', '46']",44,"$5,000,000",Roll
2019 October 19,"['2', '16', '28', '47', '48', '49']",35,"$5,000,000",Won
2019 October 16,"['2', '4', '9', '24', '44', '45']",18,"$7,000,000",Won
2019 October 12,"['13', '16', '25', '32', '33', '41']", 2,"$5,000,000",Roll
2019 October 9,"['5', '14', '18', '33', '40', '44']",16,"$25,470,952.30",Won
2019 October 5,"['14', '15', '35', '38', '42', '46']",12,"$21,819,060.50",Roll
2019 October 2,"['20', '28', '29', '41', '45', '46']",27,"$17,829,417.80",Roll
2019 September 28,"['1', '4', '5', '7', '21', '40']",41,"$14,489,829.40",Roll
2019 September 25,"['16', '25', '28', '29', '39', '47']",17,"$11,461,075.50",Roll
2019 September 21,"['1', '2', '4', '32', '38', '39']",21,"$9,000,000",Roll
2019 September 18,"['3', '10', '15', '23', '45', '47']", 9,"$7,000,000",Roll
2019 September 14,"['6', '13', '28', '29', '35', '43']",25,"$5,000,000",Roll
2019 September 11,"['2', '4', '27', '36', '45', '49']",41,"$5,000,000",Won
2019 September 7,"['25', '28', '37', '38', '42', '48']",34,"$5,000,000",Won
2019 September 4,"['1', '4', '5', '17', '21', '29']",46,"$5,000,000",Won
2019 August 31,"['2', '21', '22', '24', '48', '49']",23,"$9,000,000",Won
2019 August 28,"['1', '10', '18', '39', '43', '47']",26,"$7,000,000",Roll
2019 August 24,"['3', '7', '8', '14', '20', '24']",31,"$5,000,000",Roll
2019 August 21,"['2', '17', '24', '25', '40', '43']",16,"$5,000,000",Won
2019 August 17,"['4', '31', '34', '39', '41', '48']",43,"$9,000,000",Won
2019 August 14,"['9', '14', '18', '31', '32', '41']",38,"$7,000,000",Roll
2019 August 10,"['2', '3', '20', '33', '48', '49']",32,"$5,000,000",Roll
2019 August 7,"['5', '8', '9', '19', '28', '31']",18,"$7,000,000",Won
2019 August 3,"['4', '14', '17', '22', '26', '46']",47,"$5,000,000",Roll
2019 July 31,"['2', '11', '19', '35', '39', '48']",17,"$9,000,000",Won
2019 July 27,"['1', '3', '5', '34', '38', '43']",49,"$7,000,000",Roll
2019 July 24,"['2', '8', '10', '18', '37', '48']",29,"$5,000,000",Roll
2019 July 20,"['4', '21', '30', '41', '44', '46']", 5,"$9,136,367.30",Won
2019 July 17,"['21', '24', '33', '36', '41', '42']", 3,"$7,000,000",Roll
2019 July 13,"['5', '11', '12', '33', '37', '45']", 2,"$5,000,000",Roll
2019 July 10,"['7', '15', '22', '28', '43', '49']",45,"$7,000,000",Won
2019 July 6,"['10', '28', '38', '39', '40', '43']",45,"$5,000,000",Roll
2019 July 3,"['13', '21', '26', '30', '38', '39']",19,"$15,764,627.10",Won
2019 June 29,"['2', '5', '19', '21', '29', '46']",15,"$12,560,434.30",Roll
2019 June 26,"['4', '10', '17', '24', '26', '33']", 2,"$9,296,637.40",Roll
2019 June 22,"['15', '16', '34', '35', '38', '44']",43,"$7,000,000",Roll
2019 June 19,"['21', '31', '41', '45', '46', '47']",39,"$5,000,000",Roll
2019 June 15,"['10', '19', '24', '30', '35', '49']",32,"$29,801,647",Won
2019 June 12,"['22', '23', '31', '38', '47', '48']",10,"$25,417,531.70",Roll
2019 June 8,"['9', '12', '15', '20', '24', '43']",36,"$21,701,953.50",Roll
2019 June 5,"['6', '21', '35', '46', '48', '49']",14,"$18,147,989.50",Roll
2019 June 1,"['16', '29', '34', '35', '47', '49']",10,"$14,919,256.30",Roll
2019 May 29,"['4', '5', '15', '38', '41', '42']",36,"$11,401,703.40",Roll
2019 May 25,"['12', '19', '22', '25', '45', '49']",28,"$9,000,000",Roll
2019 May 22,"['13', '19', '22', '25', '32', '35']",48,"$7,000,000",Roll
2019 May 18,"['7', '8', '13', '27', '28', '34']", 2,"$5,000,000",Roll
2019 May 15,"['5', '6', '32', '40', '42', '47']",17,"$15,752,666.40",Won
2019 May 11,"['3', '12', '26', '27', '34', '46']",29,"$12,575,424.20",Roll
2019 May 8,"['18', '19', '22', '30', '41', '48']",47,"$9,268,418.10",Roll
2019 May 4,"['3', '4', '12', '21', '41', '49']", 5,"$7,000,000",Roll
2019 May 1,"['23', '27', '28', '34', '38', '43']",48,"$5,000,000",Roll
2019 April 27,"['5', '6', '11', '16', '19', '27']",24,"$7,000,000",Won
2019 April 24,"['6', '10', '16', '17', '41', '43']",18,"$5,000,000",Roll
2019 April 20,"['11', '15', '32', '34', '44', '47']", 3,"$13,454,892.10",Won
2019 April 17,"['10', '11', '20', '26', '38', '43']", 3,"$9,035,956.10",Roll
2019 April 13,"['4', '5', '15', '23', '38', '45']",12,"$7,000,000",Roll
2019 April 10,"['10', '16', '23', '38', '39', '48']",33,"$5,000,000",Roll
2019 April 6,"['6', '19', '30', '37', '38', '49']",34,"$5,000,000",Won
2019 April 3,"['12', '17', '29', '35', '40', '47']",23,"$10,150,393.10",Won
2019 March 30,"['7', '14', '18', '26', '31', '32']", 3,"$7,000,000",Roll
2019 March 27,"['16', '19', '22', '28', '34', '48']",49,"$5,000,000",Roll
2019 March 23,"['3', '6', '20', '22', '23', '24']",19,"$5,000,000",Won
2019 March 20,"['2', '8', '17', '21', '22', '26']", 5,"$22,000,000",Won
2019 March 16,"['9', '12', '15', '20', '25', '45']",16,"$20,000,000",Roll
2019 March 13,"['4', '13', '18', '21', '26', '31']",33,"$12,776,098.40",Roll
2019 March 9,"['22', '23', '26', '34', '42', '46']", 3,"$9,764,803",Roll
2019 March 6,"['1', '3', '18', '19', '22', '37']",30,"$7,000,000",Roll
2019 March 2,"['4', '14', '21', '29', '41', '49']",35,"$5,000,000",Roll
2019 February 27,"['4', '13', '22', '25', '29', '39']", 6,"$13,345,152.30",Won
2019 February 23,"['5', '6', '10', '43', '46', '47']",27,"$10,252,605.90",Roll
2019 February 20,"['21', '22', '23', '30', '33', '43']",42,"$7,000,000",Roll
2019 February 16,"['3', '9', '10', '20', '21', '35']",31,"$5,000,000",Roll
2019 February 13,"['5', '19', '24', '29', '36', '41']", 9,"$5,000,000",Won
2019 February 9,"['1', '24', '35', '41', '42', '49']",18,"$5,000,000",Won
2019 February 6,"['1', '16', '27', '28', '36', '39']", 9,"$5,000,000",Won
2019 February 2,"['14', '16', '25', '29', '30', '48']",12,"$33,396,099",Won
2019 January 30,"['3', '7', '27', '37', '43', '48']",45,"$30,000,000",Roll
2019 January 26,"['3', '7', '10', '12', '14', '25']",36,"$24,301,574.40",Roll
2019 January 23,"['3', '19', '20', '26', '31', '38']", 6,"$20,549,650.50",Roll
2019 January 19,"['2', '13', '32', '39', '44', '49']",10,"$17,017,876.80",Roll
2019 January 16,"['4', '10', '11', '34', '46', '48']",23,"$12,521,458.30",Roll
2019 January 12,"['10', '13', '21', '30', '46', '48']",23,"$9,338,587.40",Roll
2019 January 9,"['1', '10', '27', '38', '44', '47']",41,"$7,000,000",Roll
2019 January 5,"['4', '10', '38', '40', '45', '48']",43,"$5,000,000",Roll
2019 January 2,"['13', '18', '19', '36', '37', '43']",49,"$16,319,280",Won
2020 December 30,"['7', '14', '30', '32', '38', '45']", 6,"$9,342,568.90",Won
2020 December 26,"['21', '26', '28', '33', '34', '42']",43,"$6,406,287.70",Roll
2020 December 23,"['7', '15', '24', '31', '33', '34']", 3,"$5,000,000",Roll
2020 December 19,"['1', '8', '10', '11', '17', '35']",41,"$28,936,318.10",Won
2020 December 16,"['10', '12', '20', '25', '31', '34']",42,"$25,094,953",Roll
2020 December 12,"['27', '28', '29', '36', '46', '48']",49,"$21,747,986.70",Roll
2020 December 9,"['10', '11', '14', '19', '27', '39']",40,"$17,913,673.30",Roll
2020 December 5,"['3', '10', '13', '21', '27', '45']",23,"$14,938,588.30",Roll
2020 December 2,"['22', '24', '28', '41', '47', '49']",21,"$11,906,397.70",Roll
2020 November 28,"['3', '4', '16', '23', '26', '44']",18,"$8,907,734.80",Roll
2020 November 25,"['13', '14', '31', '33', '37', '46']",40,"$6,000,000",Roll
2020 November 21,"['16', '19', '21', '34', '37', '47']",25,"$5,000,000",Roll
2020 November 18,"['7', '14', '21', '28', '30', '32']",22,"$14,061,516.10",Won
2020 November 14,"['1', '2', '13', '30', '35', '38']",45,"$11,338,665.40",Roll
2020 November 11,"['6', '14', '18', '23', '31', '47']",44,"$8,158,839.50",Roll
2020 November 7,"['1', '16', '19', '24', '26', '47']",29,"$6,000,000",Roll
2020 November 4,"['2', '9', '13', '18', '40', '46']",34,"$5,000,000",Roll
2020 October 31,"['5', '8', '18', '22', '41', '48']",23,"$6,000,000",Won
2020 October 28,"['2', '3', '16', '25', '34', '46']",49,"$5,000,000",Roll
2020 October 24,"['4', '9', '17', '20', '26', '31']",34,"$14,250,815.80",Won
2020 October 21,"['26', '28', '32', '37', '40', '47']",10,"$11,225,628.30",Roll
2020 October 17,"['7', '8', '9', '24', '25', '34']",14,"$8,289,408.10",Roll
2020 October 14,"['10', '18', '20', '38', '39', '44']",40,"$6,000,000",Roll
2020 October 10,"['6', '23', '24', '29', '36', '38']",25,"$5,000,000",Roll
2020 October 7,"['4', '5', '12', '13', '18', '19']",34,"$6,000,000",Roll
2020 October 3,"['12', '22', '24', '37', '39', '43']",16,"$5,000,000",Roll
2020 September 30,"['13', '16', '20', '21', '27', '48']",15,"$5,000,000",Won
2020 September 26,"['8', '27', '29', '33', '40', '49']", 2,"$8,435,999.30",Won
2020 September 23,"['11', '17', '28', '29', '36', '39']",15,"$6,000,000",Roll
2020 September 19,"['5', '15', '31', '35', '42', '46']",17,"$5,000,000",Roll
2020 September 16,"['6', '12', '23', '29', '44', '46']",39,"$5,000,000",Won
2020 September 12,"['5', '13', '19', '37', '42', '45']",40,"$18,243,990.50",Won
2020 September 9,"['3', '5', '9', '19', '29', '37']",42,"$14,205,509.90",Roll
2020 September 5,"['1', '8', '10', '33', '34', '38']", 4,"$11,226,615.50",Roll
2020 September 2,"['1', '5', '15', '23', '25', '31']",40,"$7,995,393.10",Roll
2020 August 29,"['3', '13', '21', '24', '29', '40']",35,"$6,000,000",Roll
2020 August 26,"['6', '8', '20', '23', '35', '39']",11,"$5,000,000",Roll
2020 August 22,"['19', '25', '34', '36', '40', '43']",32,"$6,000,000",Won
2020 August 19,"['2', '17', '32', '37', '39', '42']", 9,"$5,000,000",Roll
2020 August 15,"['6', '7', '11', '18', '22', '43']", 9,"$17,405,149",Won
2020 August 12,"['16', '24', '27', '43', '48', '49']",39,"$14,387,584.30",Roll
2020 August 8,"['1', '20', '21', '23', '40', '46']",28,"$11,170,115.20",Roll
2020 August 5,"['3', '14', '23', '30', '38', '43']",24,"$8,026,323.70",Roll
2020 August 1,"['12', '13', '17', '22', '39', '40']",25,"$6,000,000",Roll
2020 July 29,"['1', '11', '17', '19', '22', '45']",14,"$5,000,000",Roll
2020 July 25,"['6', '21', '34', '44', '45', '48']",33,"$5,000,000",Won
2020 July 22,"['5', '14', '19', '42', '46', '47']", 8,"$17,078,167.40",Won
2020 July 18,"['5', '23', '37', '40', '44', '45']",47,"$14,041,111.30",Roll
2020 July 15,"['5', '7', '17', '22', '43', '44']",14,"$10,857,697.80",Roll
2020 July 11,"['16', '22', '31', '36', '43', '44']",46,"$8,274,617.10",Roll
2020 July 8,"['11', '26', '28', '35', '37', '47']", 8,"$6,000,000",Roll
2020 July 4,"['15', '20', '27', '34', '38', '42']",47,"$5,000,000",Roll
2020 July 1,"['1', '12', '27', '30', '34', '49']",35,"$6,000,000",Won
2020 June 27,"['1', '13', '14', '24', '36', '44']", 7,"$5,000,000",Roll
2020 June 24,"['6', '16', '23', '39', '47', '48']",33,"$16,058,552.50",Won
2020 June 20,"['14', '22', '29', '36', '48', '49']",19,"$13,102,902.50",Roll
2020 June 17,"['5', '10', '18', '29', '32', '48']", 6,"$10,044,913.80",Roll
2020 June 13,"['3', '31', '34', '38', '45', '48']",12,"$7,541,677.40",Roll
2020 June 10,"['3', '13', '25', '33', '34', '45']",14,"$6,000,000",Roll
2020 June 6,"['6', '22', '38', '45', '48', '49']", 2,"$5,000,000",Roll
2020 June 3,"['2', '15', '20', '22', '29', '39']",13,"$6,000,000",Won
2020 May 30,"['11', '17', '27', '28', '30', '43']",35,"$5,000,000",Roll
2020 May 27,"['7', '17', '18', '22', '28', '34']", 1,"$24,369,459",Won
2020 May 23,"['4', '25', '27', '28', '35', '44']", 9,"$21,441,799.20",Roll
2020 May 20,"['8', '23', '25', '34', '37', '47']", 4,"$18,371,412",Roll
2020 May 16,"['1', '6', '7', '14', '26', '48']",49,"$15,764,479.20",Roll
2020 May 13,"['3', '10', '21', '35', '38', '48']",28,"$13,030,158.50",Roll
2020 May 9,"['13', '14', '15', '35', '45', '47']", 9,"$10,670,690.10",Roll
2020 May 6,"['6', '29', '34', '36', '45', '49']", 3,"$8,145,957.10",Roll
2020 May 2,"['15', '18', '26', '34', '43', '45']",42,"$7,000,000",Roll
2020 April 29,"['6', '17', '21', '30', '40', '41']",27,"$6,000,000",Roll
2020 April 25,"['6', '10', '11', '22', '32', '48']",17,"$5,000,000",Roll
2020 April 22,"['9', '10', '11', '14', '15', '28']",36,"$6,000,000",Won
2020 April 18,"['1', '10', '23', '32', '46', '48']",36,"$5,000,000",Roll
2020 April 15,"['1', '3', '7', '13', '22', '47']",30,"$16,460,052.50",Won
2020 April 11,"['10', '14', '17', '32', '35', '42']",26,"$14,566,148.60",Roll
2020 April 8,"['9', '13', '21', '23', '30', '32']",15,"$12,308,036.50",Roll
2020 April 4,"['19', '29', '34', '35', '44', '45']",10,"$10,245,369.20",Roll
2020 April 1,"['4', '6', '10', '13', '25', '49']",41,"$9,000,000",Roll
2020 March 28,"['2', '7', '21', '30', '33', '46']",27,"$8,000,000",Roll
2020 March 25,"['3', '19', '31', '38', '45', '47']",48,"$7,000,000",Roll
2020 March 21,"['6', '11', '22', '36', '37', '45']",10,"$5,000,000",Roll
2020 March 18,"['7', '8', '9', '12', '14', '36']",28,"$9,000,000",Won
2020 March 14,"['1', '2', '23', '27', '31', '32']",43,"$7,000,000",Roll
2020 March 11,"['5', '24', '32', '37', '43', '44']",23,"$5,000,000",Roll
2020 March 7,"['5', '8', '13', '27', '34', '46']",39,"$11,436,313.10",Won
2020 March 4,"['6', '8', '15', '24', '38', '41']",31,"$9,000,000",Roll
2020 February 29,"['6', '12', '15', '18', '31', '46']",13,"$7,000,000",Roll
2020 February 26,"['8', '25', '34', '35', '36', '38']", 5,"$5,000,000",Roll
2020 February 22,"['2', '7', '26', '33', '46', '48']",25,"$5,000,000",Won
2020 February 19,"['5', '6', '13', '23', '44', '49']",40,"$7,000,000",Won
2020 February 15,"['7', '8', '11', '23', '27', '30']", 3,"$5,000,000",Roll
2020 February 12,"['16', '20', '24', '33', '36', '47']", 4,"$5,000,000",Won
2020 February 8,"['8', '28', '30', '39', '41', '43']",45,"$9,053,760.30",Won
2020 February 5,"['1', '3', '6', '24', '29', '45']",48,"$7,000,000",Roll
2020 February 1,"['13', '21', '35', '40', '45', '48']",47,"$5,000,000",Roll
2020 January 29,"['3', '14', '16', '23', '41', '43']",29,"$9,000,000",Won
2020 January 25,"['8', '20', '21', '30', '32', '48']",31,"$7,000,000",Roll
2020 January 22,"['2', '10', '27', '30', '39', '43']",21,"$5,000,000",Roll
2020 January 18,"['2', '5', '10', '18', '26', '30']",36,"$7,000,000",Won
2020 January 15,"['1', '17', '23', '25', '26', '34']",24,"$5,000,000",Roll
2020 January 11,"['2', '3', '7', '18', '24', '26']", 6,"$5,000,000",Won
2020 January 8,"['2', '5', '19', '44', '48', '49']",24,"$25,127,625.50",Won
2020 January 4,"['23', '24', '36', '42', '45', '46']",21,"$21,114,260.30",Roll
2020 January 1,"['11', '23', '30', '35', '39', '43']",34,"$16,467,012.80",Roll
2021 December 29,"['18', '32', '42', '44', '45', '48']",38,"$21,694,710.30",Roll
2021 December 25,"['4', '13', '21', '24', '31', '45']",41,"$18,262,578.10",Roll
2021 December 22,"['1', '2', '3', '11', '15', '43']",46,"$13,854,022.70",Roll
2021 December 18,"['2', '10', '15', '16', '20', '49']",18,"$10,855,866.90",Roll
2021 December 15,"['1', '9', '12', '18', '35', '48']",19,"$7,795,964.50",Roll
2021 December 11,"['1', '6', '26', '27', '43', '46']",12,"$6,000,000",Roll
2021 December 8,"['23', '25', '26', '36', '40', '49']",42,"$5,000,000",Roll
2021 December 4,"['5', '11', '15', '28', '31', '47']",19,"$8,838,895.20",Won
2021 December 1,"['14', '17', '27', '34', '36', '42']", 8,"$6,000,000",Roll
2021 November 27,"['6', '7', '14', '23', '35', '41']",11,"$5,000,000",Roll
2021 November 24,"['10', '11', '18', '20', '35', '48']",39,"$5,000,000",Won
2021 November 20,"['15', '25', '26', '29', '42', '43']",22,"$7,520,900.70",Won
2021 November 17,"['3', '4', '18', '23', '27', '28']",38,"$6,000,000",Roll
2021 November 13,"['5', '6', '7', '18', '25', '37']",24,"$5,000,000",Roll
2021 November 10,"['2', '7', '18', '19', '23', '25']",43,"$16,511,291.40",Won
2021 November 6,"['14', '16', '28', '39', '41', '47']",37,"$13,834,285.10",Roll
2021 November 3,"['9', '20', '27', '35', '37', '43']", 3,"$10,632,311.90",Roll
2021 October 30,"['3', '5', '7', '23', '42', '46']",15,"$7,889,880.90",Roll
2021 October 27,"['3', '9', '14', '36', '40', '46']",41,"$6,000,000",Roll
2021 October 23,"['1', '3', '9', '40', '42', '44']",46,"$5,000,000",Roll
2021 October 20,"['6', '9', '34', '35', '48', '49']",41,"$10,255,029.70",Won
2021 October 16,"['5', '10', '11', '33', '44', '47']",20,"$7,419,046.50",Roll
2021 October 13,"['2', '7', '8', '11', '19', '27']",24,"$6,000,000",Roll
2021 October 9,"['1', '11', '19', '27', '28', '38']", 8,"$5,000,000",Roll
2021 October 6,"['7', '18', '19', '38', '42', '46']",31,"$11,580,839.80",Won
2021 October 2,"['8', '17', '18', '19', '48', '49']",26,"$8,732,690.50",Roll
2021 September 29,"['3', '5', '38', '39', '41', '48']",28,"$6,000,000",Roll
2021 September 25,"['3', '8', '10', '35', '46', '48']",17,"$5,000,000",Roll
2021 September 22,"['5', '14', '19', '30', '38', '40']",27,"$21,185,218.10",Won
2021 September 18,"['9', '26', '29', '36', '40', '41']",27,"$17,813,114.40",Roll
2021 September 15,"['7', '11', '14', '15', '27', '41']",49,"$14,322,622.10",Roll
2021 September 11,"['15', '18', '31', '33', '34', '41']",45,"$11,575,431.40",Roll
2021 September 8,"['2', '7', '10', '16', '28', '36']",41,"$8,328,376.50",Roll
2021 September 4,"['6', '13', '18', '19', '29', '49']", 2,"$6,000,000",Roll
2021 September 1,"['3', '4', '14', '18', '19', '42']",43,"$5,000,000",Roll
2021 August 28,"['6', '8', '9', '12', '19', '26']",43,"$10,990,458.70",Won
2021 August 25,"['1', '16', '34', '37', '41', '48']",21,"$8,054,088.10",Roll
2021 August 21,"['2', '9', '15', '21', '38', '46']",36,"$6,000,000",Roll
2021 August 18,"['7', '8', '28', '30', '32', '42']",33,"$5,000,000",Roll
2021 August 14,"['3', '8', '11', '34', '40', '47']", 4,"$20,000,000",Won
2021 August 11,"['12', '15', '25', '40', '44', '45']",31,"$14,868,291.10",Roll
2021 August 7,"['10', '13', '15', '22', '29', '46']", 3,"$11,873,483.20",Roll
2021 August 4,"['3', '8', '21', '38', '42', '49']",27,"$8,664,204.20",Roll
2021 July 31,"['7', '30', '37', '43', '47', '49']",20,"$6,000,000",Roll
2021 July 28,"['1', '4', '10', '14', '32', '39']",19,"$5,000,000",Roll
2021 July 24,"['1', '5', '7', '19', '37', '45']",35,"$6,000,000",Won
2021 July 21,"['2', '4', '15', '20', '35', '45']",10,"$5,000,000",Roll
2021 July 17,"['22', '24', '28', '35', '37', '45']",49,"$6,000,000",Won
2021 July 14,"['2', '9', '19', '23', '26', '30']",10,"$5,000,000",Roll
2021 July 10,"['4', '5', '18', '28', '35', '42']", 2,"$18,680,003.80",Won
2021 July 7,"['11', '16', '21', '26', '42', '45']",22,"$14,771,004.40",Roll
2021 July 3,"['4', '7', '10', '31', '33', '38']",23,"$11,610,401.30",Roll
2021 June 30,"['9', '10', '13', '26', '28', '30']",36,"$8,413,621.70",Roll
2021 June 26,"['15', '27', '36', '37', '43', '49']", 7,"$6,000,000",Roll
2021 June 23,"['9', '17', '20', '22', '34', '40']",48,"$5,000,000",Roll
2021 June 19,"['13', '15', '17', '25', '34', '45']", 5,"$6,000,000",Won
2021 June 16,"['16', '23', '32', '33', '37', '45']", 3,"$5,000,000",Roll
2021 June 12,"['11', '20', '22', '33', '41', '49']",34,"$9,440,109.40",Won
2021 June 9,"['1', '3', '15', '26', '28', '39']",10,"$6,087,190.80",Roll
2021 June 5,"['13', '15', '22', '42', '45', '46']",14,"$5,000,000",Roll
2021 June 2,"['1', '13', '22', '32', '33', '39']",48,"$5,000,000",Won
2021 May 29,"['11', '18', '19', '27', '34', '46']",42,"$6,000,000",Won
2021 May 26,"['7', '10', '20', '38', '45', '49']",26,"$5,000,000",Roll
2021 May 22,"['7', '13', '14', '34', '37', '45']",29,"$8,874,166.80",Won
2021 May 19,"['12', '21', '25', '40', '42', '49']",45,"$6,000,000",Roll
2021 May 15,"['3', '6', '12', '28', '39', '46']", 5,"$5,000,000",Roll
2021 May 12,"['30', '35', '39', '42', '46', '48']",38,"$27,505,450.30",Won
2021 May 8,"['25', '28', '36', '38', '41', '49']",20,"$23,543,013.10",Roll
2021 May 5,"['5', '22', '23', '26', '43', '46']", 4,"$18,937,874.80",Roll
2021 May 1,"['10', '15', '21', '30', '32', '38']",24,"$15,661,218.20",Roll
2021 April 28,"['6', '11', '20', '22', '34', '49']",42,"$11,966,090",Roll
2021 April 24,"['14', '18', '27', '33', '34', '39']",49,"$8,792,246.30",Roll
2021 April 21,"['15', '18', '23', '32', '38', '47']",19,"$6,000,000",Roll
2021 April 17,"['7', '13', '32', '38', '39', '48']",23,"$5,000,000",Roll
2021 April 14,"['4', '6', '12', '23', '36', '47']",18,"$22,802,554.60",Won
2021 April 10,"['5', '16', '19', '24', '28', '34']", 4,"$19,472,212",Roll
2021 April 7,"['23', '31', '34', '38', '39', '41']",12,"$15,981,791.40",Roll
2021 April 3,"['12', '13', '19', '35', '42', '47']",28,"$12,766,681.10",Roll
2021 March 31,"['3', '7', '8', '12', '37', '40']",41,"$9,308,411.70",Roll
2021 March 27,"['15', '16', '17', '30', '36', '40']",34,"$6,551,908",Roll
2021 March 24,"['3', '4', '27', '43', '45', '48']",44,"$5,000,000",Roll
2021 March 20,"['9', '16', '25', '36', '39', '43']",49,"$6,000,000",Won
2021 March 17,"['4', '9', '13', '25', '44', '49']", 3,"$5,000,000",Roll
2021 March 13,"['15', '24', '27', '29', '42', '49']",18,"$27,146,339.50",Won
2021 March 10,"['30', '31', '35', '36', '43', '48']",28,"$23,062,615.20",Roll
2021 March 6,"['2', '14', '18', '21', '26', '48']",19,"$20,000,000",Roll
2021 March 3,"['3', '11', '33', '34', '36', '43']",42,"$15,323,835",Roll
2021 February 27,"['11', '15', '16', '20', '46', '49']",17,"$12,204,576.80",Roll
2021 February 24,"['11', '36', '37', '38', '39', '45']",10,"$8,631,498",Roll
2021 February 20,"['2', '14', '15', '21', '29', '46']", 7,"$6,000,000",Roll
2021 February 17,"['7', '16', '18', '43', '45', '48']",14,"$5,000,000",Roll
2021 February 13,"['16', '17', '27', '40', '41', '45']",38,"$5,000,000",Won
2021 February 10,"['4', '14', '22', '26', '45', '48']",20,"$15,035,008.70",Won
2021 February 6,"['6', '11', '12', '26', '28', '38']",47,"$12,022,027.40",Roll
2021 February 3,"['20', '21', '26', '30', '35', '41']",47,"$8,776,778.50",Roll
2021 January 30,"['3', '23', '26', '35', '42', '44']",32,"$6,000,000",Roll
2021 January 27,"['12', '17', '23', '36', '44', '49']",32,"$5,000,000",Roll
2021 January 23,"['5', '17', '21', '29', '41', '43']",46,"$8,493,122.80",Won
2021 January 20,"['2', '5', '18', '23', '29', '47']",45,"$6,000,000",Roll
2021 January 16,"['9', '10', '21', '28', '35', '43']",34,"$5,000,000",Roll
2021 January 13,"['20', '27', '28', '37', '38', '39']", 9,"$5,000,000",Won
2021 January 9,"['4', '8', '18', '24', '31', '32']",40,"$8,730,601",Won
2021 January 6,"['15', '23', '30', '31', '32', '42']",48,"$6,000,000",Roll
2021 January 2,"['16', '17', '20', '42', '47', '49']",40,"$5,000,000",Roll
